file,class,method,variable,usage
/home/yaroslav/Study/LeanSoftwareDevelopment/repository_metrics_with_ck/collected_metrics/otj-pg-embedded/../../otj-pg-embedded/src/test/java/com/opentable/db/postgres/embedded/SingleInstanceRuleTest.java,com.opentable.db.postgres.embedded.SingleInstanceRuleTest,testRule/0,rs,3
/home/yaroslav/Study/LeanSoftwareDevelopment/repository_metrics_with_ck/collected_metrics/otj-pg-embedded/../../otj-pg-embedded/src/test/java/com/opentable/db/postgres/embedded/SingleInstanceRuleTest.java,com.opentable.db.postgres.embedded.SingleInstanceRuleTest,testRule/0,c,1
/home/yaroslav/Study/LeanSoftwareDevelopment/repository_metrics_with_ck/collected_metrics/otj-pg-embedded/../../otj-pg-embedded/src/test/java/com/opentable/db/postgres/embedded/SingleInstanceRuleTest.java,com.opentable.db.postgres.embedded.SingleInstanceRuleTest,testRule/0,s,1
/home/yaroslav/Study/LeanSoftwareDevelopment/repository_metrics_with_ck/collected_metrics/otj-pg-embedded/../../otj-pg-embedded/src/main/java/com/opentable/db/postgres/embedded/BindMount.java,com.opentable.db.postgres.embedded.BindMount,equals/1[java.lang.Object],bindMount,1
/home/yaroslav/Study/LeanSoftwareDevelopment/repository_metrics_with_ck/collected_metrics/otj-pg-embedded/../../otj-pg-embedded/src/main/java/com/opentable/db/postgres/embedded/BindMount.java,com.opentable.db.postgres.embedded.BindMount,equals/1[java.lang.Object],o,4
/home/yaroslav/Study/LeanSoftwareDevelopment/repository_metrics_with_ck/collected_metrics/otj-pg-embedded/../../otj-pg-embedded/src/main/java/com/opentable/db/postgres/embedded/BindMount.java,com.opentable.db.postgres.embedded.BindMount,"BindMount/3[java.lang.String,java.lang.String,com.opentable.db.postgres.embedded.BindMode]",localFile,2
/home/yaroslav/Study/LeanSoftwareDevelopment/repository_metrics_with_ck/collected_metrics/otj-pg-embedded/../../otj-pg-embedded/src/main/java/com/opentable/db/postgres/embedded/BindMount.java,com.opentable.db.postgres.embedded.BindMount,"BindMount/3[java.lang.String,java.lang.String,com.opentable.db.postgres.embedded.BindMode]",remoteFile,2
/home/yaroslav/Study/LeanSoftwareDevelopment/repository_metrics_with_ck/collected_metrics/otj-pg-embedded/../../otj-pg-embedded/src/main/java/com/opentable/db/postgres/embedded/BindMount.java,com.opentable.db.postgres.embedded.BindMount,"BindMount/3[java.lang.String,java.lang.String,com.opentable.db.postgres.embedded.BindMode]",bindMode,3
/home/yaroslav/Study/LeanSoftwareDevelopment/repository_metrics_with_ck/collected_metrics/otj-pg-embedded/../../otj-pg-embedded/src/main/java/com/opentable/db/postgres/embedded/BindMount.java,com.opentable.db.postgres.embedded.BindMount,"of/3[java.lang.String,java.lang.String,com.opentable.db.postgres.embedded.BindMode]",localFile,1
/home/yaroslav/Study/LeanSoftwareDevelopment/repository_metrics_with_ck/collected_metrics/otj-pg-embedded/../../otj-pg-embedded/src/main/java/com/opentable/db/postgres/embedded/BindMount.java,com.opentable.db.postgres.embedded.BindMount,"of/3[java.lang.String,java.lang.String,com.opentable.db.postgres.embedded.BindMode]",remoteFile,1
/home/yaroslav/Study/LeanSoftwareDevelopment/repository_metrics_with_ck/collected_metrics/otj-pg-embedded/../../otj-pg-embedded/src/main/java/com/opentable/db/postgres/embedded/BindMount.java,com.opentable.db.postgres.embedded.BindMount,"of/3[java.lang.String,java.lang.String,com.opentable.db.postgres.embedded.BindMode]",bindMode,1
/home/yaroslav/Study/LeanSoftwareDevelopment/repository_metrics_with_ck/collected_metrics/otj-pg-embedded/../../otj-pg-embedded/src/main/java/com/opentable/db/postgres/junit/SingleInstancePostgresRule.java,com.opentable.db.postgres.junit.SingleInstancePostgresRule,customize/1[java.util.function.Consumer<com.opentable.db.postgres.embedded.EmbeddedPostgres.Builder>],customizer,1
/home/yaroslav/Study/LeanSoftwareDevelopment/repository_metrics_with_ck/collected_metrics/otj-pg-embedded/../../otj-pg-embedded/src/main/java/com/opentable/db/postgres/junit/SingleInstancePostgresRule.java,com.opentable.db.postgres.junit.SingleInstancePostgresRule,after/0,e,3
/home/yaroslav/Study/LeanSoftwareDevelopment/repository_metrics_with_ck/collected_metrics/otj-pg-embedded/../../otj-pg-embedded/src/main/java/com/opentable/db/postgres/junit/SingleInstancePostgresRule.java,com.opentable.db.postgres.junit.SingleInstancePostgresRule,pg/0,c,1
/home/yaroslav/Study/LeanSoftwareDevelopment/repository_metrics_with_ck/collected_metrics/otj-pg-embedded/../../otj-pg-embedded/src/main/java/com/opentable/db/postgres/junit/SingleInstancePostgresRule.java,com.opentable.db.postgres.junit.SingleInstancePostgresRule,pg/0,builder,3
/home/yaroslav/Study/LeanSoftwareDevelopment/repository_metrics_with_ck/collected_metrics/otj-pg-embedded/../../otj-pg-embedded/src/main/java/com/opentable/db/postgres/junit/SingleInstancePostgresRule.java,com.opentable.db.postgres.junit.SingleInstancePostgresRule,getEmbeddedPostgres/0,epg,3
/home/yaroslav/Study/LeanSoftwareDevelopment/repository_metrics_with_ck/collected_metrics/otj-pg-embedded/../../otj-pg-embedded/src/test/java/com/opentable/db/postgres/embedded/PreparedDbCustomizerTest.java,com.opentable.db.postgres.embedded.PreparedDbCustomizerTest,testCustomizers/0,dbB2Port,2
/home/yaroslav/Study/LeanSoftwareDevelopment/repository_metrics_with_ck/collected_metrics/otj-pg-embedded/../../otj-pg-embedded/src/test/java/com/opentable/db/postgres/embedded/PreparedDbCustomizerTest.java,com.opentable.db.postgres.embedded.PreparedDbCustomizerTest,testCustomizers/0,dbA1Port,3
/home/yaroslav/Study/LeanSoftwareDevelopment/repository_metrics_with_ck/collected_metrics/otj-pg-embedded/../../otj-pg-embedded/src/test/java/com/opentable/db/postgres/embedded/PreparedDbCustomizerTest.java,com.opentable.db.postgres.embedded.PreparedDbCustomizerTest,testCustomizers/0,dbA3Port,1
/home/yaroslav/Study/LeanSoftwareDevelopment/repository_metrics_with_ck/collected_metrics/otj-pg-embedded/../../otj-pg-embedded/src/test/java/com/opentable/db/postgres/embedded/PreparedDbCustomizerTest.java,com.opentable.db.postgres.embedded.PreparedDbCustomizerTest,testCustomizers/0,dbA2Port,1
/home/yaroslav/Study/LeanSoftwareDevelopment/repository_metrics_with_ck/collected_metrics/otj-pg-embedded/../../otj-pg-embedded/src/test/java/com/opentable/db/postgres/embedded/PreparedDbCustomizerTest.java,com.opentable.db.postgres.embedded.PreparedDbCustomizerTest,testCustomizers/0,dbB1Port,1
/home/yaroslav/Study/LeanSoftwareDevelopment/repository_metrics_with_ck/collected_metrics/otj-pg-embedded/../../otj-pg-embedded/src/main/java/com/opentable/db/postgres/embedded/PreparedDbProvider.java,com.opentable.db.postgres.embedded.PreparedDbProvider,getConfigurationTweak/1[java.lang.String],result,4
/home/yaroslav/Study/LeanSoftwareDevelopment/repository_metrics_with_ck/collected_metrics/otj-pg-embedded/../../otj-pg-embedded/src/main/java/com/opentable/db/postgres/embedded/PreparedDbProvider.java,com.opentable.db.postgres.embedded.PreparedDbProvider,getConfigurationTweak/1[java.lang.String],dbModuleName,3
/home/yaroslav/Study/LeanSoftwareDevelopment/repository_metrics_with_ck/collected_metrics/otj-pg-embedded/../../otj-pg-embedded/src/main/java/com/opentable/db/postgres/embedded/PreparedDbProvider.java,com.opentable.db.postgres.embedded.PreparedDbProvider,getConfigurationTweak/1[java.lang.String],db,3
/home/yaroslav/Study/LeanSoftwareDevelopment/repository_metrics_with_ck/collected_metrics/otj-pg-embedded/../../otj-pg-embedded/src/main/java/com/opentable/db/postgres/embedded/PreparedDbProvider.java,com.opentable.db.postgres.embedded.PreparedDbProvider,forPreparer/1[com.opentable.db.postgres.embedded.DatabasePreparer],preparer,1
/home/yaroslav/Study/LeanSoftwareDevelopment/repository_metrics_with_ck/collected_metrics/otj-pg-embedded/../../otj-pg-embedded/src/main/java/com/opentable/db/postgres/embedded/PreparedDbProvider.java,com.opentable.db.postgres.embedded.PreparedDbProvider,createDatabase/0,e,1
/home/yaroslav/Study/LeanSoftwareDevelopment/repository_metrics_with_ck/collected_metrics/otj-pg-embedded/../../otj-pg-embedded/src/main/java/com/opentable/db/postgres/embedded/PreparedDbProvider.java,com.opentable.db.postgres.embedded.PreparedDbProvider,createDatabase/0,info,4
/home/yaroslav/Study/LeanSoftwareDevelopment/repository_metrics_with_ck/collected_metrics/otj-pg-embedded/../../otj-pg-embedded/src/main/java/com/opentable/db/postgres/embedded/PreparedDbProvider.java,com.opentable.db.postgres.embedded.PreparedDbProvider,"createOrFindPreparer/2[com.opentable.db.postgres.embedded.DatabasePreparer,java.lang.Iterable<java.util.function.Consumer<com.opentable.db.postgres.embedded.EmbeddedPostgres.Builder>>]",preparer,2
/home/yaroslav/Study/LeanSoftwareDevelopment/repository_metrics_with_ck/collected_metrics/otj-pg-embedded/../../otj-pg-embedded/src/main/java/com/opentable/db/postgres/embedded/PreparedDbProvider.java,com.opentable.db.postgres.embedded.PreparedDbProvider,"createOrFindPreparer/2[com.opentable.db.postgres.embedded.DatabasePreparer,java.lang.Iterable<java.util.function.Consumer<com.opentable.db.postgres.embedded.EmbeddedPostgres.Builder>>]",result,5
/home/yaroslav/Study/LeanSoftwareDevelopment/repository_metrics_with_ck/collected_metrics/otj-pg-embedded/../../otj-pg-embedded/src/main/java/com/opentable/db/postgres/embedded/PreparedDbProvider.java,com.opentable.db.postgres.embedded.PreparedDbProvider,"createOrFindPreparer/2[com.opentable.db.postgres.embedded.DatabasePreparer,java.lang.Iterable<java.util.function.Consumer<com.opentable.db.postgres.embedded.EmbeddedPostgres.Builder>>]",c,1
/home/yaroslav/Study/LeanSoftwareDevelopment/repository_metrics_with_ck/collected_metrics/otj-pg-embedded/../../otj-pg-embedded/src/main/java/com/opentable/db/postgres/embedded/PreparedDbProvider.java,com.opentable.db.postgres.embedded.PreparedDbProvider,"createOrFindPreparer/2[com.opentable.db.postgres.embedded.DatabasePreparer,java.lang.Iterable<java.util.function.Consumer<com.opentable.db.postgres.embedded.EmbeddedPostgres.Builder>>]",pg,2
/home/yaroslav/Study/LeanSoftwareDevelopment/repository_metrics_with_ck/collected_metrics/otj-pg-embedded/../../otj-pg-embedded/src/main/java/com/opentable/db/postgres/embedded/PreparedDbProvider.java,com.opentable.db.postgres.embedded.PreparedDbProvider,"createOrFindPreparer/2[com.opentable.db.postgres.embedded.DatabasePreparer,java.lang.Iterable<java.util.function.Consumer<com.opentable.db.postgres.embedded.EmbeddedPostgres.Builder>>]",customizers,2
/home/yaroslav/Study/LeanSoftwareDevelopment/repository_metrics_with_ck/collected_metrics/otj-pg-embedded/../../otj-pg-embedded/src/main/java/com/opentable/db/postgres/embedded/PreparedDbProvider.java,com.opentable.db.postgres.embedded.PreparedDbProvider,"createOrFindPreparer/2[com.opentable.db.postgres.embedded.DatabasePreparer,java.lang.Iterable<java.util.function.Consumer<com.opentable.db.postgres.embedded.EmbeddedPostgres.Builder>>]",builder,3
/home/yaroslav/Study/LeanSoftwareDevelopment/repository_metrics_with_ck/collected_metrics/otj-pg-embedded/../../otj-pg-embedded/src/main/java/com/opentable/db/postgres/embedded/PreparedDbProvider.java,com.opentable.db.postgres.embedded.PreparedDbProvider,"createOrFindPreparer/2[com.opentable.db.postgres.embedded.DatabasePreparer,java.lang.Iterable<java.util.function.Consumer<com.opentable.db.postgres.embedded.EmbeddedPostgres.Builder>>]",key,2
/home/yaroslav/Study/LeanSoftwareDevelopment/repository_metrics_with_ck/collected_metrics/otj-pg-embedded/../../otj-pg-embedded/src/main/java/com/opentable/db/postgres/embedded/PreparedDbProvider.java,com.opentable.db.postgres.embedded.PreparedDbProvider,"create/3[javax.sql.DataSource,java.lang.String,java.lang.String]",connectDb,1
/home/yaroslav/Study/LeanSoftwareDevelopment/repository_metrics_with_ck/collected_metrics/otj-pg-embedded/../../otj-pg-embedded/src/main/java/com/opentable/db/postgres/embedded/PreparedDbProvider.java,com.opentable.db.postgres.embedded.PreparedDbProvider,"create/3[javax.sql.DataSource,java.lang.String,java.lang.String]",c,1
/home/yaroslav/Study/LeanSoftwareDevelopment/repository_metrics_with_ck/collected_metrics/otj-pg-embedded/../../otj-pg-embedded/src/main/java/com/opentable/db/postgres/embedded/PreparedDbProvider.java,com.opentable.db.postgres.embedded.PreparedDbProvider,"create/3[javax.sql.DataSource,java.lang.String,java.lang.String]",dbName,2
/home/yaroslav/Study/LeanSoftwareDevelopment/repository_metrics_with_ck/collected_metrics/otj-pg-embedded/../../otj-pg-embedded/src/main/java/com/opentable/db/postgres/embedded/PreparedDbProvider.java,com.opentable.db.postgres.embedded.PreparedDbProvider,"create/3[javax.sql.DataSource,java.lang.String,java.lang.String]",userName,2
/home/yaroslav/Study/LeanSoftwareDevelopment/repository_metrics_with_ck/collected_metrics/otj-pg-embedded/../../otj-pg-embedded/src/main/java/com/opentable/db/postgres/embedded/PreparedDbProvider.java,com.opentable.db.postgres.embedded.PreparedDbProvider,"create/3[javax.sql.DataSource,java.lang.String,java.lang.String]",stmt,2
/home/yaroslav/Study/LeanSoftwareDevelopment/repository_metrics_with_ck/collected_metrics/otj-pg-embedded/../../otj-pg-embedded/src/main/java/com/opentable/db/postgres/embedded/PreparedDbProvider.java,com.opentable.db.postgres.embedded.PreparedDbProvider,"forPreparer/2[com.opentable.db.postgres.embedded.DatabasePreparer,java.lang.Iterable<java.util.function.Consumer<com.opentable.db.postgres.embedded.EmbeddedPostgres.Builder>>]",preparer,1
/home/yaroslav/Study/LeanSoftwareDevelopment/repository_metrics_with_ck/collected_metrics/otj-pg-embedded/../../otj-pg-embedded/src/main/java/com/opentable/db/postgres/embedded/PreparedDbProvider.java,com.opentable.db.postgres.embedded.PreparedDbProvider,"forPreparer/2[com.opentable.db.postgres.embedded.DatabasePreparer,java.lang.Iterable<java.util.function.Consumer<com.opentable.db.postgres.embedded.EmbeddedPostgres.Builder>>]",customizers,1
/home/yaroslav/Study/LeanSoftwareDevelopment/repository_metrics_with_ck/collected_metrics/otj-pg-embedded/../../otj-pg-embedded/src/main/java/com/opentable/db/postgres/embedded/PreparedDbProvider.java,com.opentable.db.postgres.embedded.PreparedDbProvider,createDataSourceFromConnectionInfo/1[com.opentable.db.postgres.embedded.ConnectionInfo],connectionInfo,3
/home/yaroslav/Study/LeanSoftwareDevelopment/repository_metrics_with_ck/collected_metrics/otj-pg-embedded/../../otj-pg-embedded/src/main/java/com/opentable/db/postgres/embedded/PreparedDbProvider.java,com.opentable.db.postgres.embedded.PreparedDbProvider,createDataSourceFromConnectionInfo/1[com.opentable.db.postgres.embedded.ConnectionInfo],ds,4
/home/yaroslav/Study/LeanSoftwareDevelopment/repository_metrics_with_ck/collected_metrics/otj-pg-embedded/../../otj-pg-embedded/src/main/java/com/opentable/db/postgres/embedded/PreparedDbProvider.java,com.opentable.db.postgres.embedded.PreparedDbProvider,"PreparedDbProvider/2[com.opentable.db.postgres.embedded.DatabasePreparer,java.lang.Iterable<java.util.function.Consumer<com.opentable.db.postgres.embedded.EmbeddedPostgres.Builder>>]",preparer,1
/home/yaroslav/Study/LeanSoftwareDevelopment/repository_metrics_with_ck/collected_metrics/otj-pg-embedded/../../otj-pg-embedded/src/main/java/com/opentable/db/postgres/embedded/PreparedDbProvider.java,com.opentable.db.postgres.embedded.PreparedDbProvider,"PreparedDbProvider/2[com.opentable.db.postgres.embedded.DatabasePreparer,java.lang.Iterable<java.util.function.Consumer<com.opentable.db.postgres.embedded.EmbeddedPostgres.Builder>>]",e,1
/home/yaroslav/Study/LeanSoftwareDevelopment/repository_metrics_with_ck/collected_metrics/otj-pg-embedded/../../otj-pg-embedded/src/main/java/com/opentable/db/postgres/embedded/PreparedDbProvider.java,com.opentable.db.postgres.embedded.PreparedDbProvider,"PreparedDbProvider/2[com.opentable.db.postgres.embedded.DatabasePreparer,java.lang.Iterable<java.util.function.Consumer<com.opentable.db.postgres.embedded.EmbeddedPostgres.Builder>>]",customizers,1
/home/yaroslav/Study/LeanSoftwareDevelopment/repository_metrics_with_ck/collected_metrics/otj-pg-embedded/../../otj-pg-embedded/src/main/java/com/opentable/db/postgres/embedded/PreparedDbProvider.java,com.opentable.db.postgres.embedded.PreparedDbProvider,createNewDatabase/0,dbInfo,6
/home/yaroslav/Study/LeanSoftwareDevelopment/repository_metrics_with_ck/collected_metrics/otj-pg-embedded/../../otj-pg-embedded/src/main/java/com/opentable/db/postgres/junit5/LegacySingleInstancePostgresExtension.java,com.opentable.db.postgres.junit5.LegacySingleInstancePostgresExtension,pg/0,c,1
/home/yaroslav/Study/LeanSoftwareDevelopment/repository_metrics_with_ck/collected_metrics/otj-pg-embedded/../../otj-pg-embedded/src/main/java/com/opentable/db/postgres/junit5/LegacySingleInstancePostgresExtension.java,com.opentable.db.postgres.junit5.LegacySingleInstancePostgresExtension,pg/0,builder,3
/home/yaroslav/Study/LeanSoftwareDevelopment/repository_metrics_with_ck/collected_metrics/otj-pg-embedded/../../otj-pg-embedded/src/main/java/com/opentable/db/postgres/junit5/LegacySingleInstancePostgresExtension.java,com.opentable.db.postgres.junit5.LegacySingleInstancePostgresExtension,getEmbeddedPostgres/0,epg,3
/home/yaroslav/Study/LeanSoftwareDevelopment/repository_metrics_with_ck/collected_metrics/otj-pg-embedded/../../otj-pg-embedded/src/main/java/com/opentable/db/postgres/junit5/LegacySingleInstancePostgresExtension.java,com.opentable.db.postgres.junit5.LegacySingleInstancePostgresExtension,afterTestExecution/1[com.opentable.db.postgres.junit5.ExtensionContext],e,3
/home/yaroslav/Study/LeanSoftwareDevelopment/repository_metrics_with_ck/collected_metrics/otj-pg-embedded/../../otj-pg-embedded/src/main/java/com/opentable/db/postgres/junit5/LegacySingleInstancePostgresExtension.java,com.opentable.db.postgres.junit5.LegacySingleInstancePostgresExtension,afterTestExecution/1[com.opentable.db.postgres.junit5.ExtensionContext],context,0
/home/yaroslav/Study/LeanSoftwareDevelopment/repository_metrics_with_ck/collected_metrics/otj-pg-embedded/../../otj-pg-embedded/src/main/java/com/opentable/db/postgres/junit5/LegacySingleInstancePostgresExtension.java,com.opentable.db.postgres.junit5.LegacySingleInstancePostgresExtension,customize/1[java.util.function.Consumer<com.opentable.db.postgres.embedded.EmbeddedPostgres.Builder>],customizer,1
/home/yaroslav/Study/LeanSoftwareDevelopment/repository_metrics_with_ck/collected_metrics/otj-pg-embedded/../../otj-pg-embedded/src/main/java/com/opentable/db/postgres/junit5/LegacySingleInstancePostgresExtension.java,com.opentable.db.postgres.junit5.LegacySingleInstancePostgresExtension,beforeTestExecution/1[com.opentable.db.postgres.junit5.ExtensionContext],context,0
/home/yaroslav/Study/LeanSoftwareDevelopment/repository_metrics_with_ck/collected_metrics/otj-pg-embedded/../../otj-pg-embedded/src/main/java/com/opentable/db/postgres/embedded/DatabasePreparer.java,com.opentable.db.postgres.embedded.DatabasePreparer,prepare/1[javax.sql.DataSource],ds,0
/home/yaroslav/Study/LeanSoftwareDevelopment/repository_metrics_with_ck/collected_metrics/otj-pg-embedded/../../otj-pg-embedded/src/main/java/com/opentable/db/postgres/embedded/EmbeddedPostgres.java,com.opentable.db.postgres.embedded.EmbeddedPostgres,"getPostgresDatabase/1[java.util.Map<java.lang.String,java.lang.String>]",properties,1
/home/yaroslav/Study/LeanSoftwareDevelopment/repository_metrics_with_ck/collected_metrics/otj-pg-embedded/../../otj-pg-embedded/src/main/java/com/opentable/db/postgres/embedded/EmbeddedPostgres.java,com.opentable.db.postgres.embedded.EmbeddedPostgres,"EmbeddedPostgres/8[java.util.Map<java.lang.String,java.lang.String>,java.util.Map<java.lang.String,java.lang.String>,java.util.Map<java.lang.String,com.opentable.db.postgres.embedded.BindMount>,java.util.Optional<com.opentable.db.postgres.embedded.Network>,java.util.Optional<java.lang.String>,com.opentable.db.postgres.embedded.DockerImageName,java.time.Duration,java.lang.String]",bindMounts,2
/home/yaroslav/Study/LeanSoftwareDevelopment/repository_metrics_with_ck/collected_metrics/otj-pg-embedded/../../otj-pg-embedded/src/main/java/com/opentable/db/postgres/embedded/EmbeddedPostgres.java,com.opentable.db.postgres.embedded.EmbeddedPostgres,"EmbeddedPostgres/8[java.util.Map<java.lang.String,java.lang.String>,java.util.Map<java.lang.String,java.lang.String>,java.util.Map<java.lang.String,com.opentable.db.postgres.embedded.BindMount>,java.util.Optional<com.opentable.db.postgres.embedded.Network>,java.util.Optional<java.lang.String>,com.opentable.db.postgres.embedded.DockerImageName,java.time.Duration,java.lang.String]",image,4
/home/yaroslav/Study/LeanSoftwareDevelopment/repository_metrics_with_ck/collected_metrics/otj-pg-embedded/../../otj-pg-embedded/src/main/java/com/opentable/db/postgres/embedded/EmbeddedPostgres.java,com.opentable.db.postgres.embedded.EmbeddedPostgres,"EmbeddedPostgres/8[java.util.Map<java.lang.String,java.lang.String>,java.util.Map<java.lang.String,java.lang.String>,java.util.Map<java.lang.String,com.opentable.db.postgres.embedded.BindMount>,java.util.Optional<com.opentable.db.postgres.embedded.Network>,java.util.Optional<java.lang.String>,com.opentable.db.postgres.embedded.DockerImageName,java.time.Duration,java.lang.String]",pgStartupWait,2
/home/yaroslav/Study/LeanSoftwareDevelopment/repository_metrics_with_ck/collected_metrics/otj-pg-embedded/../../otj-pg-embedded/src/main/java/com/opentable/db/postgres/embedded/EmbeddedPostgres.java,com.opentable.db.postgres.embedded.EmbeddedPostgres,"EmbeddedPostgres/8[java.util.Map<java.lang.String,java.lang.String>,java.util.Map<java.lang.String,java.lang.String>,java.util.Map<java.lang.String,com.opentable.db.postgres.embedded.BindMount>,java.util.Optional<com.opentable.db.postgres.embedded.Network>,java.util.Optional<java.lang.String>,com.opentable.db.postgres.embedded.DockerImageName,java.time.Duration,java.lang.String]",localeConfig,2
/home/yaroslav/Study/LeanSoftwareDevelopment/repository_metrics_with_ck/collected_metrics/otj-pg-embedded/../../otj-pg-embedded/src/main/java/com/opentable/db/postgres/embedded/EmbeddedPostgres.java,com.opentable.db.postgres.embedded.EmbeddedPostgres,"EmbeddedPostgres/8[java.util.Map<java.lang.String,java.lang.String>,java.util.Map<java.lang.String,java.lang.String>,java.util.Map<java.lang.String,com.opentable.db.postgres.embedded.BindMount>,java.util.Optional<com.opentable.db.postgres.embedded.Network>,java.util.Optional<java.lang.String>,com.opentable.db.postgres.embedded.DockerImageName,java.time.Duration,java.lang.String]",databaseName,2
/home/yaroslav/Study/LeanSoftwareDevelopment/repository_metrics_with_ck/collected_metrics/otj-pg-embedded/../../otj-pg-embedded/src/main/java/com/opentable/db/postgres/embedded/EmbeddedPostgres.java,com.opentable.db.postgres.embedded.EmbeddedPostgres,"EmbeddedPostgres/8[java.util.Map<java.lang.String,java.lang.String>,java.util.Map<java.lang.String,java.lang.String>,java.util.Map<java.lang.String,com.opentable.db.postgres.embedded.BindMount>,java.util.Optional<com.opentable.db.postgres.embedded.Network>,java.util.Optional<java.lang.String>,com.opentable.db.postgres.embedded.DockerImageName,java.time.Duration,java.lang.String]",cmd,2
/home/yaroslav/Study/LeanSoftwareDevelopment/repository_metrics_with_ck/collected_metrics/otj-pg-embedded/../../otj-pg-embedded/src/main/java/com/opentable/db/postgres/embedded/EmbeddedPostgres.java,com.opentable.db.postgres.embedded.EmbeddedPostgres,"EmbeddedPostgres/8[java.util.Map<java.lang.String,java.lang.String>,java.util.Map<java.lang.String,java.lang.String>,java.util.Map<java.lang.String,com.opentable.db.postgres.embedded.BindMount>,java.util.Optional<com.opentable.db.postgres.embedded.Network>,java.util.Optional<java.lang.String>,com.opentable.db.postgres.embedded.DockerImageName,java.time.Duration,java.lang.String]",networkAlias,1
/home/yaroslav/Study/LeanSoftwareDevelopment/repository_metrics_with_ck/collected_metrics/otj-pg-embedded/../../otj-pg-embedded/src/main/java/com/opentable/db/postgres/embedded/EmbeddedPostgres.java,com.opentable.db.postgres.embedded.EmbeddedPostgres,"EmbeddedPostgres/8[java.util.Map<java.lang.String,java.lang.String>,java.util.Map<java.lang.String,java.lang.String>,java.util.Map<java.lang.String,com.opentable.db.postgres.embedded.BindMount>,java.util.Optional<com.opentable.db.postgres.embedded.Network>,java.util.Optional<java.lang.String>,com.opentable.db.postgres.embedded.DockerImageName,java.time.Duration,java.lang.String]",postgresConfig,2
/home/yaroslav/Study/LeanSoftwareDevelopment/repository_metrics_with_ck/collected_metrics/otj-pg-embedded/../../otj-pg-embedded/src/main/java/com/opentable/db/postgres/embedded/EmbeddedPostgres.java,com.opentable.db.postgres.embedded.EmbeddedPostgres,"EmbeddedPostgres/8[java.util.Map<java.lang.String,java.lang.String>,java.util.Map<java.lang.String,java.lang.String>,java.util.Map<java.lang.String,com.opentable.db.postgres.embedded.BindMount>,java.util.Optional<com.opentable.db.postgres.embedded.Network>,java.util.Optional<java.lang.String>,com.opentable.db.postgres.embedded.DockerImageName,java.time.Duration,java.lang.String]",network,1
/home/yaroslav/Study/LeanSoftwareDevelopment/repository_metrics_with_ck/collected_metrics/otj-pg-embedded/../../otj-pg-embedded/src/main/java/com/opentable/db/postgres/embedded/EmbeddedPostgres.java,com.opentable.db.postgres.embedded.EmbeddedPostgres,"getTemplateDatabase/1[java.util.Map<java.lang.String,java.lang.String>]",properties,1
/home/yaroslav/Study/LeanSoftwareDevelopment/repository_metrics_with_ck/collected_metrics/otj-pg-embedded/../../otj-pg-embedded/src/main/java/com/opentable/db/postgres/embedded/EmbeddedPostgres.java,com.opentable.db.postgres.embedded.EmbeddedPostgres,"getDatabase/2[java.lang.String,java.lang.String]",dbName,1
/home/yaroslav/Study/LeanSoftwareDevelopment/repository_metrics_with_ck/collected_metrics/otj-pg-embedded/../../otj-pg-embedded/src/main/java/com/opentable/db/postgres/embedded/EmbeddedPostgres.java,com.opentable.db.postgres.embedded.EmbeddedPostgres,"getDatabase/2[java.lang.String,java.lang.String]",userName,1
/home/yaroslav/Study/LeanSoftwareDevelopment/repository_metrics_with_ck/collected_metrics/otj-pg-embedded/../../otj-pg-embedded/src/main/java/com/opentable/db/postgres/embedded/EmbeddedPostgres.java,com.opentable.db.postgres.embedded.EmbeddedPostgres,getJdbcUrl/1[java.lang.String],e,0
/home/yaroslav/Study/LeanSoftwareDevelopment/repository_metrics_with_ck/collected_metrics/otj-pg-embedded/../../otj-pg-embedded/src/main/java/com/opentable/db/postgres/embedded/EmbeddedPostgres.java,com.opentable.db.postgres.embedded.EmbeddedPostgres,getJdbcUrl/1[java.lang.String],dbName,1
/home/yaroslav/Study/LeanSoftwareDevelopment/repository_metrics_with_ck/collected_metrics/otj-pg-embedded/../../otj-pg-embedded/src/main/java/com/opentable/db/postgres/embedded/EmbeddedPostgres.java,com.opentable.db.postgres.embedded.EmbeddedPostgres,"createInitOptions/1[java.util.Map<java.lang.String,java.lang.String>]",localeOptions,3
/home/yaroslav/Study/LeanSoftwareDevelopment/repository_metrics_with_ck/collected_metrics/otj-pg-embedded/../../otj-pg-embedded/src/main/java/com/opentable/db/postgres/embedded/EmbeddedPostgres.java,com.opentable.db.postgres.embedded.EmbeddedPostgres,"createInitOptions/1[java.util.Map<java.lang.String,java.lang.String>]",localeConfig,1
/home/yaroslav/Study/LeanSoftwareDevelopment/repository_metrics_with_ck/collected_metrics/otj-pg-embedded/../../otj-pg-embedded/src/main/java/com/opentable/db/postgres/embedded/EmbeddedPostgres.java,com.opentable.db.postgres.embedded.EmbeddedPostgres,"createInitOptions/1[java.util.Map<java.lang.String,java.lang.String>]",config,2
/home/yaroslav/Study/LeanSoftwareDevelopment/repository_metrics_with_ck/collected_metrics/otj-pg-embedded/../../otj-pg-embedded/src/main/java/com/opentable/db/postgres/embedded/EmbeddedPostgres.java,com.opentable.db.postgres.embedded.EmbeddedPostgres,"getDatabase/3[java.lang.String,java.lang.String,java.util.Map<java.lang.String,java.lang.String>]",propertyKey,1
/home/yaroslav/Study/LeanSoftwareDevelopment/repository_metrics_with_ck/collected_metrics/otj-pg-embedded/../../otj-pg-embedded/src/main/java/com/opentable/db/postgres/embedded/EmbeddedPostgres.java,com.opentable.db.postgres.embedded.EmbeddedPostgres,"getDatabase/3[java.lang.String,java.lang.String,java.util.Map<java.lang.String,java.lang.String>]",e,1
/home/yaroslav/Study/LeanSoftwareDevelopment/repository_metrics_with_ck/collected_metrics/otj-pg-embedded/../../otj-pg-embedded/src/main/java/com/opentable/db/postgres/embedded/EmbeddedPostgres.java,com.opentable.db.postgres.embedded.EmbeddedPostgres,"getDatabase/3[java.lang.String,java.lang.String,java.util.Map<java.lang.String,java.lang.String>]",dbName,1
/home/yaroslav/Study/LeanSoftwareDevelopment/repository_metrics_with_ck/collected_metrics/otj-pg-embedded/../../otj-pg-embedded/src/main/java/com/opentable/db/postgres/embedded/EmbeddedPostgres.java,com.opentable.db.postgres.embedded.EmbeddedPostgres,"getDatabase/3[java.lang.String,java.lang.String,java.util.Map<java.lang.String,java.lang.String>]",propertyValue,1
/home/yaroslav/Study/LeanSoftwareDevelopment/repository_metrics_with_ck/collected_metrics/otj-pg-embedded/../../otj-pg-embedded/src/main/java/com/opentable/db/postgres/embedded/EmbeddedPostgres.java,com.opentable.db.postgres.embedded.EmbeddedPostgres,"getDatabase/3[java.lang.String,java.lang.String,java.util.Map<java.lang.String,java.lang.String>]",userName,1
/home/yaroslav/Study/LeanSoftwareDevelopment/repository_metrics_with_ck/collected_metrics/otj-pg-embedded/../../otj-pg-embedded/src/main/java/com/opentable/db/postgres/embedded/EmbeddedPostgres.java,com.opentable.db.postgres.embedded.EmbeddedPostgres,"getDatabase/3[java.lang.String,java.lang.String,java.util.Map<java.lang.String,java.lang.String>]",properties,1
/home/yaroslav/Study/LeanSoftwareDevelopment/repository_metrics_with_ck/collected_metrics/otj-pg-embedded/../../otj-pg-embedded/src/main/java/com/opentable/db/postgres/embedded/EmbeddedPostgres.java,com.opentable.db.postgres.embedded.EmbeddedPostgres,"getDatabase/3[java.lang.String,java.lang.String,java.util.Map<java.lang.String,java.lang.String>]",ds,6
/home/yaroslav/Study/LeanSoftwareDevelopment/repository_metrics_with_ck/collected_metrics/otj-pg-embedded/../../otj-pg-embedded/src/main/java/com/opentable/db/postgres/embedded/EmbeddedPostgres.java,com.opentable.db.postgres.embedded.EmbeddedPostgres,"processBindMounts/2[com.opentable.db.postgres.embedded.PostgreSQLContainer<?>,java.util.Map<java.lang.String,com.opentable.db.postgres.embedded.BindMount>]",bindMounts,1
/home/yaroslav/Study/LeanSoftwareDevelopment/repository_metrics_with_ck/collected_metrics/otj-pg-embedded/../../otj-pg-embedded/src/main/java/com/opentable/db/postgres/embedded/EmbeddedPostgres.java,com.opentable.db.postgres.embedded.EmbeddedPostgres,"processBindMounts/2[com.opentable.db.postgres.embedded.PostgreSQLContainer<?>,java.util.Map<java.lang.String,com.opentable.db.postgres.embedded.BindMount>]",postgreDBContainer,1
/home/yaroslav/Study/LeanSoftwareDevelopment/repository_metrics_with_ck/collected_metrics/otj-pg-embedded/../../otj-pg-embedded/src/main/java/com/opentable/db/postgres/embedded/EmbeddedPostgres.java,com.opentable.db.postgres.embedded.EmbeddedPostgres,"processBindMounts/2[com.opentable.db.postgres.embedded.PostgreSQLContainer<?>,java.util.Map<java.lang.String,com.opentable.db.postgres.embedded.BindMount>]",f,5
/home/yaroslav/Study/LeanSoftwareDevelopment/repository_metrics_with_ck/collected_metrics/otj-pg-embedded/../../otj-pg-embedded/src/main/java/com/opentable/db/postgres/embedded/EmbeddedPostgres.java,com.opentable.db.postgres.embedded.EmbeddedPostgres,"createConfigOptions/1[java.util.Map<java.lang.String,java.lang.String>]",config,2
/home/yaroslav/Study/LeanSoftwareDevelopment/repository_metrics_with_ck/collected_metrics/otj-pg-embedded/../../otj-pg-embedded/src/main/java/com/opentable/db/postgres/embedded/EmbeddedPostgres.java,com.opentable.db.postgres.embedded.EmbeddedPostgres,"createConfigOptions/1[java.util.Map<java.lang.String,java.lang.String>]",postgresConfig,1
/home/yaroslav/Study/LeanSoftwareDevelopment/repository_metrics_with_ck/collected_metrics/otj-pg-embedded/../../otj-pg-embedded/src/main/java/com/opentable/db/postgres/embedded/EmbeddedPostgres.java,com.opentable.db.postgres.embedded.EmbeddedPostgres,"createConfigOptions/1[java.util.Map<java.lang.String,java.lang.String>]",configOptions,3
/home/yaroslav/Study/LeanSoftwareDevelopment/repository_metrics_with_ck/collected_metrics/otj-pg-embedded/../../otj-pg-embedded/src/test/java/com/opentable/db/postgres/embedded/FlywayPreparerTest.java,com.opentable.db.postgres.embedded.FlywayPreparerTest,testTablesMade/0,rs,5
/home/yaroslav/Study/LeanSoftwareDevelopment/repository_metrics_with_ck/collected_metrics/otj-pg-embedded/../../otj-pg-embedded/src/test/java/com/opentable/db/postgres/embedded/FlywayPreparerTest.java,com.opentable.db.postgres.embedded.FlywayPreparerTest,testTablesMade/0,tableNames,3
/home/yaroslav/Study/LeanSoftwareDevelopment/repository_metrics_with_ck/collected_metrics/otj-pg-embedded/../../otj-pg-embedded/src/test/java/com/opentable/db/postgres/embedded/FlywayPreparerTest.java,com.opentable.db.postgres.embedded.FlywayPreparerTest,testTablesMade/0,c,1
/home/yaroslav/Study/LeanSoftwareDevelopment/repository_metrics_with_ck/collected_metrics/otj-pg-embedded/../../otj-pg-embedded/src/test/java/com/opentable/db/postgres/embedded/FlywayPreparerTest.java,com.opentable.db.postgres.embedded.FlywayPreparerTest,testTablesMade/0,s,2
/home/yaroslav/Study/LeanSoftwareDevelopment/repository_metrics_with_ck/collected_metrics/otj-pg-embedded/../../otj-pg-embedded/src/main/java/com/opentable/db/postgres/junit5/EmbeddedPostgresExtension.java,com.opentable.db.postgres.junit5.EmbeddedPostgresExtension,preparedDatabase/1[com.opentable.db.postgres.embedded.DatabasePreparer],preparer,1
/home/yaroslav/Study/LeanSoftwareDevelopment/repository_metrics_with_ck/collected_metrics/otj-pg-embedded/../../otj-pg-embedded/src/test/java/com/opentable/db/postgres/embedded/LocalDirectoryPostgresTest.java,com.opentable.db.postgres.embedded.LocalDirectoryPostgresTest,testEmbeddedPg/0,rs,3
/home/yaroslav/Study/LeanSoftwareDevelopment/repository_metrics_with_ck/collected_metrics/otj-pg-embedded/../../otj-pg-embedded/src/test/java/com/opentable/db/postgres/embedded/LocalDirectoryPostgresTest.java,com.opentable.db.postgres.embedded.LocalDirectoryPostgresTest,testEmbeddedPg/0,c,1
/home/yaroslav/Study/LeanSoftwareDevelopment/repository_metrics_with_ck/collected_metrics/otj-pg-embedded/../../otj-pg-embedded/src/test/java/com/opentable/db/postgres/embedded/LocalDirectoryPostgresTest.java,com.opentable.db.postgres.embedded.LocalDirectoryPostgresTest,testEmbeddedPg/0,s,1
/home/yaroslav/Study/LeanSoftwareDevelopment/repository_metrics_with_ck/collected_metrics/otj-pg-embedded/../../otj-pg-embedded/src/test/java/com/opentable/db/postgres/embedded/LocalDirectoryPostgresTest.java,com.opentable.db.postgres.embedded.LocalDirectoryPostgresTest,testEmbeddedPg/0,pg,1
/home/yaroslav/Study/LeanSoftwareDevelopment/repository_metrics_with_ck/collected_metrics/otj-pg-embedded/../../otj-pg-embedded/src/main/java/com/opentable/db/postgres/embedded/PreparedDbProvider.java,com.opentable.db.postgres.embedded.PreparedDbProvider$DbInfo,"ok/5[java.lang.String,java.lang.String,java.lang.String,java.lang.String,int]",password,1
/home/yaroslav/Study/LeanSoftwareDevelopment/repository_metrics_with_ck/collected_metrics/otj-pg-embedded/../../otj-pg-embedded/src/main/java/com/opentable/db/postgres/embedded/PreparedDbProvider.java,com.opentable.db.postgres.embedded.PreparedDbProvider$DbInfo,"ok/5[java.lang.String,java.lang.String,java.lang.String,java.lang.String,int]",port,1
/home/yaroslav/Study/LeanSoftwareDevelopment/repository_metrics_with_ck/collected_metrics/otj-pg-embedded/../../otj-pg-embedded/src/main/java/com/opentable/db/postgres/embedded/PreparedDbProvider.java,com.opentable.db.postgres.embedded.PreparedDbProvider$DbInfo,"ok/5[java.lang.String,java.lang.String,java.lang.String,java.lang.String,int]",host,1
/home/yaroslav/Study/LeanSoftwareDevelopment/repository_metrics_with_ck/collected_metrics/otj-pg-embedded/../../otj-pg-embedded/src/main/java/com/opentable/db/postgres/embedded/PreparedDbProvider.java,com.opentable.db.postgres.embedded.PreparedDbProvider$DbInfo,"ok/5[java.lang.String,java.lang.String,java.lang.String,java.lang.String,int]",user,1
/home/yaroslav/Study/LeanSoftwareDevelopment/repository_metrics_with_ck/collected_metrics/otj-pg-embedded/../../otj-pg-embedded/src/main/java/com/opentable/db/postgres/embedded/PreparedDbProvider.java,com.opentable.db.postgres.embedded.PreparedDbProvider$DbInfo,"ok/5[java.lang.String,java.lang.String,java.lang.String,java.lang.String,int]",url,1
/home/yaroslav/Study/LeanSoftwareDevelopment/repository_metrics_with_ck/collected_metrics/otj-pg-embedded/../../otj-pg-embedded/src/main/java/com/opentable/db/postgres/embedded/PreparedDbProvider.java,com.opentable.db.postgres.embedded.PreparedDbProvider$DbInfo,error/1[java.sql.SQLException],e,1
/home/yaroslav/Study/LeanSoftwareDevelopment/repository_metrics_with_ck/collected_metrics/otj-pg-embedded/../../otj-pg-embedded/src/main/java/com/opentable/db/postgres/embedded/PreparedDbProvider.java,com.opentable.db.postgres.embedded.PreparedDbProvider$DbInfo,"DbInfo/6[java.lang.String,java.lang.String,java.lang.String,java.sql.SQLException,java.lang.String,int]",password,2
/home/yaroslav/Study/LeanSoftwareDevelopment/repository_metrics_with_ck/collected_metrics/otj-pg-embedded/../../otj-pg-embedded/src/main/java/com/opentable/db/postgres/embedded/PreparedDbProvider.java,com.opentable.db.postgres.embedded.PreparedDbProvider$DbInfo,"DbInfo/6[java.lang.String,java.lang.String,java.lang.String,java.sql.SQLException,java.lang.String,int]",e,1
/home/yaroslav/Study/LeanSoftwareDevelopment/repository_metrics_with_ck/collected_metrics/otj-pg-embedded/../../otj-pg-embedded/src/main/java/com/opentable/db/postgres/embedded/PreparedDbProvider.java,com.opentable.db.postgres.embedded.PreparedDbProvider$DbInfo,"DbInfo/6[java.lang.String,java.lang.String,java.lang.String,java.sql.SQLException,java.lang.String,int]",port,2
/home/yaroslav/Study/LeanSoftwareDevelopment/repository_metrics_with_ck/collected_metrics/otj-pg-embedded/../../otj-pg-embedded/src/main/java/com/opentable/db/postgres/embedded/PreparedDbProvider.java,com.opentable.db.postgres.embedded.PreparedDbProvider$DbInfo,"DbInfo/6[java.lang.String,java.lang.String,java.lang.String,java.sql.SQLException,java.lang.String,int]",host,2
/home/yaroslav/Study/LeanSoftwareDevelopment/repository_metrics_with_ck/collected_metrics/otj-pg-embedded/../../otj-pg-embedded/src/main/java/com/opentable/db/postgres/embedded/PreparedDbProvider.java,com.opentable.db.postgres.embedded.PreparedDbProvider$DbInfo,"DbInfo/6[java.lang.String,java.lang.String,java.lang.String,java.sql.SQLException,java.lang.String,int]",user,2
/home/yaroslav/Study/LeanSoftwareDevelopment/repository_metrics_with_ck/collected_metrics/otj-pg-embedded/../../otj-pg-embedded/src/main/java/com/opentable/db/postgres/embedded/PreparedDbProvider.java,com.opentable.db.postgres.embedded.PreparedDbProvider$DbInfo,"DbInfo/6[java.lang.String,java.lang.String,java.lang.String,java.sql.SQLException,java.lang.String,int]",url,2
/home/yaroslav/Study/LeanSoftwareDevelopment/repository_metrics_with_ck/collected_metrics/otj-pg-embedded/../../otj-pg-embedded/src/main/java/com/opentable/db/postgres/junit5/SingleInstancePostgresExtension.java,com.opentable.db.postgres.junit5.SingleInstancePostgresExtension,pg/0,c,1
/home/yaroslav/Study/LeanSoftwareDevelopment/repository_metrics_with_ck/collected_metrics/otj-pg-embedded/../../otj-pg-embedded/src/main/java/com/opentable/db/postgres/junit5/SingleInstancePostgresExtension.java,com.opentable.db.postgres.junit5.SingleInstancePostgresExtension,pg/0,builder,3
/home/yaroslav/Study/LeanSoftwareDevelopment/repository_metrics_with_ck/collected_metrics/otj-pg-embedded/../../otj-pg-embedded/src/main/java/com/opentable/db/postgres/junit5/SingleInstancePostgresExtension.java,com.opentable.db.postgres.junit5.SingleInstancePostgresExtension,beforeAll/1[com.opentable.db.postgres.junit5.ExtensionContext],context,0
/home/yaroslav/Study/LeanSoftwareDevelopment/repository_metrics_with_ck/collected_metrics/otj-pg-embedded/../../otj-pg-embedded/src/main/java/com/opentable/db/postgres/junit5/SingleInstancePostgresExtension.java,com.opentable.db.postgres.junit5.SingleInstancePostgresExtension,customize/1[java.util.function.Consumer<com.opentable.db.postgres.embedded.EmbeddedPostgres.Builder>],customizer,1
/home/yaroslav/Study/LeanSoftwareDevelopment/repository_metrics_with_ck/collected_metrics/otj-pg-embedded/../../otj-pg-embedded/src/main/java/com/opentable/db/postgres/junit5/SingleInstancePostgresExtension.java,com.opentable.db.postgres.junit5.SingleInstancePostgresExtension,afterAll/1[com.opentable.db.postgres.junit5.ExtensionContext],e,3
/home/yaroslav/Study/LeanSoftwareDevelopment/repository_metrics_with_ck/collected_metrics/otj-pg-embedded/../../otj-pg-embedded/src/main/java/com/opentable/db/postgres/junit5/SingleInstancePostgresExtension.java,com.opentable.db.postgres.junit5.SingleInstancePostgresExtension,afterAll/1[com.opentable.db.postgres.junit5.ExtensionContext],context,0
/home/yaroslav/Study/LeanSoftwareDevelopment/repository_metrics_with_ck/collected_metrics/otj-pg-embedded/../../otj-pg-embedded/src/main/java/com/opentable/db/postgres/junit5/SingleInstancePostgresExtension.java,com.opentable.db.postgres.junit5.SingleInstancePostgresExtension,getEmbeddedPostgres/0,epg,3
/home/yaroslav/Study/LeanSoftwareDevelopment/repository_metrics_with_ck/collected_metrics/otj-pg-embedded/../../otj-pg-embedded/src/test/java/com/opentable/db/postgres/embedded/PreparedDbTest.java,com.opentable.db.postgres.embedded.PreparedDbTest,commonAssertion/1[java.sql.Statement],rs,2
/home/yaroslav/Study/LeanSoftwareDevelopment/repository_metrics_with_ck/collected_metrics/otj-pg-embedded/../../otj-pg-embedded/src/test/java/com/opentable/db/postgres/embedded/PreparedDbTest.java,com.opentable.db.postgres.embedded.PreparedDbTest,commonAssertion/1[java.sql.Statement],stmt,2
/home/yaroslav/Study/LeanSoftwareDevelopment/repository_metrics_with_ck/collected_metrics/otj-pg-embedded/../../otj-pg-embedded/src/test/java/com/opentable/db/postgres/embedded/PreparedDbTest.java,com.opentable.db.postgres.embedded.PreparedDbTest,testEquivalentAccess/0,dbInfo,1
/home/yaroslav/Study/LeanSoftwareDevelopment/repository_metrics_with_ck/collected_metrics/otj-pg-embedded/../../otj-pg-embedded/src/test/java/com/opentable/db/postgres/embedded/PreparedDbTest.java,com.opentable.db.postgres.embedded.PreparedDbTest,testEquivalentAccess/0,c,2
/home/yaroslav/Study/LeanSoftwareDevelopment/repository_metrics_with_ck/collected_metrics/otj-pg-embedded/../../otj-pg-embedded/src/test/java/com/opentable/db/postgres/embedded/PreparedDbTest.java,com.opentable.db.postgres.embedded.PreparedDbTest,testEquivalentAccess/0,dataSource,1
/home/yaroslav/Study/LeanSoftwareDevelopment/repository_metrics_with_ck/collected_metrics/otj-pg-embedded/../../otj-pg-embedded/src/test/java/com/opentable/db/postgres/embedded/PreparedDbTest.java,com.opentable.db.postgres.embedded.PreparedDbTest,testEquivalentAccess/0,stmt,1
/home/yaroslav/Study/LeanSoftwareDevelopment/repository_metrics_with_ck/collected_metrics/otj-pg-embedded/../../otj-pg-embedded/src/test/java/com/opentable/db/postgres/embedded/PreparedDbTest.java,com.opentable.db.postgres.embedded.PreparedDbTest,testDbUri/0,c,1
/home/yaroslav/Study/LeanSoftwareDevelopment/repository_metrics_with_ck/collected_metrics/otj-pg-embedded/../../otj-pg-embedded/src/test/java/com/opentable/db/postgres/embedded/PreparedDbTest.java,com.opentable.db.postgres.embedded.PreparedDbTest,testDbUri/0,stmt,1
/home/yaroslav/Study/LeanSoftwareDevelopment/repository_metrics_with_ck/collected_metrics/otj-pg-embedded/../../otj-pg-embedded/src/test/java/com/opentable/db/postgres/embedded/PreparedDbTest.java,com.opentable.db.postgres.embedded.PreparedDbTest,testDbs/0,rs,2
/home/yaroslav/Study/LeanSoftwareDevelopment/repository_metrics_with_ck/collected_metrics/otj-pg-embedded/../../otj-pg-embedded/src/test/java/com/opentable/db/postgres/embedded/PreparedDbTest.java,com.opentable.db.postgres.embedded.PreparedDbTest,testDbs/0,c,5
/home/yaroslav/Study/LeanSoftwareDevelopment/repository_metrics_with_ck/collected_metrics/otj-pg-embedded/../../otj-pg-embedded/src/test/java/com/opentable/db/postgres/embedded/PreparedDbTest.java,com.opentable.db.postgres.embedded.PreparedDbTest,testDbs/0,stmt,5
/home/yaroslav/Study/LeanSoftwareDevelopment/repository_metrics_with_ck/collected_metrics/otj-pg-embedded/../../otj-pg-embedded/src/test/java/com/opentable/db/postgres/embedded/PreparedDbTest.java,com.opentable.db.postgres.embedded.PreparedDbTest$SimplePreparer,prepare/1[java.sql.Connection],conn,1
/home/yaroslav/Study/LeanSoftwareDevelopment/repository_metrics_with_ck/collected_metrics/otj-pg-embedded/../../otj-pg-embedded/src/test/java/com/opentable/db/postgres/embedded/PreparedDbTest.java,com.opentable.db.postgres.embedded.PreparedDbTest$SimplePreparer,prepare/1[java.sql.Connection],stmt,1
/home/yaroslav/Study/LeanSoftwareDevelopment/repository_metrics_with_ck/collected_metrics/otj-pg-embedded/../../otj-pg-embedded/src/test/java/com/opentable/db/postgres/embedded/PreparedDbTest.java,com.opentable.db.postgres.embedded.PreparedDbTest$SimplePreparer,SimplePreparer/1[java.lang.String],name,2
/home/yaroslav/Study/LeanSoftwareDevelopment/repository_metrics_with_ck/collected_metrics/otj-pg-embedded/../../otj-pg-embedded/src/main/java/com/opentable/db/postgres/embedded/PreparedDbProvider.java,com.opentable.db.postgres.embedded.PreparedDbProvider$PrepPipeline,PrepPipeline/1[com.opentable.db.postgres.embedded.EmbeddedPostgres],pg,2
/home/yaroslav/Study/LeanSoftwareDevelopment/repository_metrics_with_ck/collected_metrics/otj-pg-embedded/../../otj-pg-embedded/src/main/java/com/opentable/db/postgres/embedded/PreparedDbProvider.java,com.opentable.db.postgres.embedded.PreparedDbProvider$PrepPipeline,start/0,r,1
/home/yaroslav/Study/LeanSoftwareDevelopment/repository_metrics_with_ck/collected_metrics/otj-pg-embedded/../../otj-pg-embedded/src/main/java/com/opentable/db/postgres/embedded/PreparedDbProvider.java,com.opentable.db.postgres.embedded.PreparedDbProvider$PrepPipeline,start/0,t,3
/home/yaroslav/Study/LeanSoftwareDevelopment/repository_metrics_with_ck/collected_metrics/otj-pg-embedded/../../otj-pg-embedded/src/main/java/com/opentable/db/postgres/embedded/PreparedDbProvider.java,com.opentable.db.postgres.embedded.PreparedDbProvider$PrepPipeline,start/0,service,2
/home/yaroslav/Study/LeanSoftwareDevelopment/repository_metrics_with_ck/collected_metrics/otj-pg-embedded/../../otj-pg-embedded/src/main/java/com/opentable/db/postgres/embedded/PreparedDbProvider.java,com.opentable.db.postgres.embedded.PreparedDbProvider$PrepPipeline,getNextDb/0,next,3
/home/yaroslav/Study/LeanSoftwareDevelopment/repository_metrics_with_ck/collected_metrics/otj-pg-embedded/../../otj-pg-embedded/src/main/java/com/opentable/db/postgres/embedded/PreparedDbProvider.java,com.opentable.db.postgres.embedded.PreparedDbProvider$PrepPipeline,getNextDb/0,e,1
/home/yaroslav/Study/LeanSoftwareDevelopment/repository_metrics_with_ck/collected_metrics/otj-pg-embedded/../../otj-pg-embedded/src/main/java/com/opentable/db/postgres/embedded/PreparedDbProvider.java,com.opentable.db.postgres.embedded.PreparedDbProvider$PrepPipeline,run/0,e,2
/home/yaroslav/Study/LeanSoftwareDevelopment/repository_metrics_with_ck/collected_metrics/otj-pg-embedded/../../otj-pg-embedded/src/main/java/com/opentable/db/postgres/embedded/PreparedDbProvider.java,com.opentable.db.postgres.embedded.PreparedDbProvider$PrepPipeline,run/0,failure,3
/home/yaroslav/Study/LeanSoftwareDevelopment/repository_metrics_with_ck/collected_metrics/otj-pg-embedded/../../otj-pg-embedded/src/main/java/com/opentable/db/postgres/embedded/PreparedDbProvider.java,com.opentable.db.postgres.embedded.PreparedDbProvider$PrepPipeline,run/0,newDbName,2
/home/yaroslav/Study/LeanSoftwareDevelopment/repository_metrics_with_ck/collected_metrics/otj-pg-embedded/../../otj-pg-embedded/src/test/java/com/opentable/db/postgres/embedded/LiquibasePreparerContextTest.java,com.opentable.db.postgres.embedded.LiquibasePreparerContextTest,testEmptyTables/0,rs,2
/home/yaroslav/Study/LeanSoftwareDevelopment/repository_metrics_with_ck/collected_metrics/otj-pg-embedded/../../otj-pg-embedded/src/test/java/com/opentable/db/postgres/embedded/LiquibasePreparerContextTest.java,com.opentable.db.postgres.embedded.LiquibasePreparerContextTest,testEmptyTables/0,c,1
/home/yaroslav/Study/LeanSoftwareDevelopment/repository_metrics_with_ck/collected_metrics/otj-pg-embedded/../../otj-pg-embedded/src/test/java/com/opentable/db/postgres/embedded/LiquibasePreparerContextTest.java,com.opentable.db.postgres.embedded.LiquibasePreparerContextTest,testEmptyTables/0,s,1
/home/yaroslav/Study/LeanSoftwareDevelopment/repository_metrics_with_ck/collected_metrics/otj-pg-embedded/../../otj-pg-embedded/src/main/java/com/opentable/db/postgres/junit/PreparedDbRule.java,com.opentable.db.postgres.junit.PreparedDbRule,PreparedDbRule/1[com.opentable.db.postgres.embedded.DatabasePreparer],preparer,3
/home/yaroslav/Study/LeanSoftwareDevelopment/repository_metrics_with_ck/collected_metrics/otj-pg-embedded/../../otj-pg-embedded/src/main/java/com/opentable/db/postgres/junit/PreparedDbRule.java,com.opentable.db.postgres.junit.PreparedDbRule,customize/1[java.util.function.Consumer<com.opentable.db.postgres.embedded.EmbeddedPostgres.Builder>],customizer,1
/home/yaroslav/Study/LeanSoftwareDevelopment/repository_metrics_with_ck/collected_metrics/otj-pg-embedded/../../otj-pg-embedded/src/main/java/com/opentable/db/postgres/embedded/EmbeddedPostgres.java,com.opentable.db.postgres.embedded.EmbeddedPostgres$Builder,setDatabaseName/1[java.lang.String],databaseName,2
/home/yaroslav/Study/LeanSoftwareDevelopment/repository_metrics_with_ck/collected_metrics/otj-pg-embedded/../../otj-pg-embedded/src/main/java/com/opentable/db/postgres/embedded/EmbeddedPostgres.java,com.opentable.db.postgres.embedded.EmbeddedPostgres$Builder,setBindMount/1[com.opentable.db.postgres.embedded.BindMount],bindMount,2
/home/yaroslav/Study/LeanSoftwareDevelopment/repository_metrics_with_ck/collected_metrics/otj-pg-embedded/../../otj-pg-embedded/src/main/java/com/opentable/db/postgres/embedded/EmbeddedPostgres.java,com.opentable.db.postgres.embedded.EmbeddedPostgres$Builder,"setBindMount/2[java.lang.String,java.lang.String]",localFile,1
/home/yaroslav/Study/LeanSoftwareDevelopment/repository_metrics_with_ck/collected_metrics/otj-pg-embedded/../../otj-pg-embedded/src/main/java/com/opentable/db/postgres/embedded/EmbeddedPostgres.java,com.opentable.db.postgres.embedded.EmbeddedPostgres$Builder,"setBindMount/2[java.lang.String,java.lang.String]",remoteFile,1
/home/yaroslav/Study/LeanSoftwareDevelopment/repository_metrics_with_ck/collected_metrics/otj-pg-embedded/../../otj-pg-embedded/src/main/java/com/opentable/db/postgres/embedded/EmbeddedPostgres.java,com.opentable.db.postgres.embedded.EmbeddedPostgres$Builder,"insertSlashIfNeeded/2[java.lang.String,java.lang.String]",prefix,3
/home/yaroslav/Study/LeanSoftwareDevelopment/repository_metrics_with_ck/collected_metrics/otj-pg-embedded/../../otj-pg-embedded/src/main/java/com/opentable/db/postgres/embedded/EmbeddedPostgres.java,com.opentable.db.postgres.embedded.EmbeddedPostgres$Builder,"insertSlashIfNeeded/2[java.lang.String,java.lang.String]",repo,3
/home/yaroslav/Study/LeanSoftwareDevelopment/repository_metrics_with_ck/collected_metrics/otj-pg-embedded/../../otj-pg-embedded/src/main/java/com/opentable/db/postgres/embedded/EmbeddedPostgres.java,com.opentable.db.postgres.embedded.EmbeddedPostgres$Builder,"setNetwork/2[com.opentable.db.postgres.embedded.Network,java.lang.String]",networkAlias,2
/home/yaroslav/Study/LeanSoftwareDevelopment/repository_metrics_with_ck/collected_metrics/otj-pg-embedded/../../otj-pg-embedded/src/main/java/com/opentable/db/postgres/embedded/EmbeddedPostgres.java,com.opentable.db.postgres.embedded.EmbeddedPostgres$Builder,"setNetwork/2[com.opentable.db.postgres.embedded.Network,java.lang.String]",network,2
/home/yaroslav/Study/LeanSoftwareDevelopment/repository_metrics_with_ck/collected_metrics/otj-pg-embedded/../../otj-pg-embedded/src/main/java/com/opentable/db/postgres/embedded/EmbeddedPostgres.java,com.opentable.db.postgres.embedded.EmbeddedPostgres$Builder,setTag/1[java.lang.String],tag,1
/home/yaroslav/Study/LeanSoftwareDevelopment/repository_metrics_with_ck/collected_metrics/otj-pg-embedded/../../otj-pg-embedded/src/main/java/com/opentable/db/postgres/embedded/EmbeddedPostgres.java,com.opentable.db.postgres.embedded.EmbeddedPostgres$Builder,getEnvOrProperty/1[java.lang.String],key,2
/home/yaroslav/Study/LeanSoftwareDevelopment/repository_metrics_with_ck/collected_metrics/otj-pg-embedded/../../otj-pg-embedded/src/main/java/com/opentable/db/postgres/embedded/EmbeddedPostgres.java,com.opentable.db.postgres.embedded.EmbeddedPostgres$Builder,equals/1[java.lang.Object],builder,8
/home/yaroslav/Study/LeanSoftwareDevelopment/repository_metrics_with_ck/collected_metrics/otj-pg-embedded/../../otj-pg-embedded/src/main/java/com/opentable/db/postgres/embedded/EmbeddedPostgres.java,com.opentable.db.postgres.embedded.EmbeddedPostgres$Builder,equals/1[java.lang.Object],o,4
/home/yaroslav/Study/LeanSoftwareDevelopment/repository_metrics_with_ck/collected_metrics/otj-pg-embedded/../../otj-pg-embedded/src/main/java/com/opentable/db/postgres/embedded/EmbeddedPostgres.java,com.opentable.db.postgres.embedded.EmbeddedPostgres$Builder,setPGStartupWait/1[java.time.Duration],pgStartupWait,4
/home/yaroslav/Study/LeanSoftwareDevelopment/repository_metrics_with_ck/collected_metrics/otj-pg-embedded/../../otj-pg-embedded/src/main/java/com/opentable/db/postgres/embedded/EmbeddedPostgres.java,com.opentable.db.postgres.embedded.EmbeddedPostgres$Builder,"setServerConfig/2[java.lang.String,java.lang.String]",value,1
/home/yaroslav/Study/LeanSoftwareDevelopment/repository_metrics_with_ck/collected_metrics/otj-pg-embedded/../../otj-pg-embedded/src/main/java/com/opentable/db/postgres/embedded/EmbeddedPostgres.java,com.opentable.db.postgres.embedded.EmbeddedPostgres$Builder,"setServerConfig/2[java.lang.String,java.lang.String]",key,1
/home/yaroslav/Study/LeanSoftwareDevelopment/repository_metrics_with_ck/collected_metrics/otj-pg-embedded/../../otj-pg-embedded/src/main/java/com/opentable/db/postgres/embedded/EmbeddedPostgres.java,com.opentable.db.postgres.embedded.EmbeddedPostgres$Builder,"setLocaleConfig/2[java.lang.String,java.lang.String]",value,1
/home/yaroslav/Study/LeanSoftwareDevelopment/repository_metrics_with_ck/collected_metrics/otj-pg-embedded/../../otj-pg-embedded/src/main/java/com/opentable/db/postgres/embedded/EmbeddedPostgres.java,com.opentable.db.postgres.embedded.EmbeddedPostgres$Builder,"setLocaleConfig/2[java.lang.String,java.lang.String]",key,1
/home/yaroslav/Study/LeanSoftwareDevelopment/repository_metrics_with_ck/collected_metrics/otj-pg-embedded/../../otj-pg-embedded/src/main/java/com/opentable/db/postgres/embedded/EmbeddedPostgres.java,com.opentable.db.postgres.embedded.EmbeddedPostgres$Builder,setImage/1[com.opentable.db.postgres.embedded.DockerImageName],image,2
/home/yaroslav/Study/LeanSoftwareDevelopment/repository_metrics_with_ck/collected_metrics/otj-pg-embedded/../../otj-pg-embedded/src/main/java/com/opentable/db/postgres/embedded/LiquibasePreparer.java,com.opentable.db.postgres.embedded.LiquibasePreparer,prepare/1[javax.sql.DataSource],database,1
/home/yaroslav/Study/LeanSoftwareDevelopment/repository_metrics_with_ck/collected_metrics/otj-pg-embedded/../../otj-pg-embedded/src/main/java/com/opentable/db/postgres/embedded/LiquibasePreparer.java,com.opentable.db.postgres.embedded.LiquibasePreparer,prepare/1[javax.sql.DataSource],e,1
/home/yaroslav/Study/LeanSoftwareDevelopment/repository_metrics_with_ck/collected_metrics/otj-pg-embedded/../../otj-pg-embedded/src/main/java/com/opentable/db/postgres/embedded/LiquibasePreparer.java,com.opentable.db.postgres.embedded.LiquibasePreparer,prepare/1[javax.sql.DataSource],connection,1
/home/yaroslav/Study/LeanSoftwareDevelopment/repository_metrics_with_ck/collected_metrics/otj-pg-embedded/../../otj-pg-embedded/src/main/java/com/opentable/db/postgres/embedded/LiquibasePreparer.java,com.opentable.db.postgres.embedded.LiquibasePreparer,prepare/1[javax.sql.DataSource],liquibase,1
/home/yaroslav/Study/LeanSoftwareDevelopment/repository_metrics_with_ck/collected_metrics/otj-pg-embedded/../../otj-pg-embedded/src/main/java/com/opentable/db/postgres/embedded/LiquibasePreparer.java,com.opentable.db.postgres.embedded.LiquibasePreparer,prepare/1[javax.sql.DataSource],ds,1
/home/yaroslav/Study/LeanSoftwareDevelopment/repository_metrics_with_ck/collected_metrics/otj-pg-embedded/../../otj-pg-embedded/src/main/java/com/opentable/db/postgres/embedded/LiquibasePreparer.java,com.opentable.db.postgres.embedded.LiquibasePreparer,equals/1[java.lang.Object],obj,2
/home/yaroslav/Study/LeanSoftwareDevelopment/repository_metrics_with_ck/collected_metrics/otj-pg-embedded/../../otj-pg-embedded/src/main/java/com/opentable/db/postgres/embedded/LiquibasePreparer.java,com.opentable.db.postgres.embedded.LiquibasePreparer,"LiquibasePreparer/2[java.lang.String,com.opentable.db.postgres.embedded.Contexts]",location,2
/home/yaroslav/Study/LeanSoftwareDevelopment/repository_metrics_with_ck/collected_metrics/otj-pg-embedded/../../otj-pg-embedded/src/main/java/com/opentable/db/postgres/embedded/LiquibasePreparer.java,com.opentable.db.postgres.embedded.LiquibasePreparer,"LiquibasePreparer/2[java.lang.String,com.opentable.db.postgres.embedded.Contexts]",contexts,2
/home/yaroslav/Study/LeanSoftwareDevelopment/repository_metrics_with_ck/collected_metrics/otj-pg-embedded/../../otj-pg-embedded/src/main/java/com/opentable/db/postgres/embedded/LiquibasePreparer.java,com.opentable.db.postgres.embedded.LiquibasePreparer,forClasspathLocation/1[java.lang.String],location,1
/home/yaroslav/Study/LeanSoftwareDevelopment/repository_metrics_with_ck/collected_metrics/otj-pg-embedded/../../otj-pg-embedded/src/main/java/com/opentable/db/postgres/embedded/LiquibasePreparer.java,com.opentable.db.postgres.embedded.LiquibasePreparer,"forClasspathLocation/2[java.lang.String,com.opentable.db.postgres.embedded.Contexts]",location,1
/home/yaroslav/Study/LeanSoftwareDevelopment/repository_metrics_with_ck/collected_metrics/otj-pg-embedded/../../otj-pg-embedded/src/main/java/com/opentable/db/postgres/embedded/LiquibasePreparer.java,com.opentable.db.postgres.embedded.LiquibasePreparer,"forClasspathLocation/2[java.lang.String,com.opentable.db.postgres.embedded.Contexts]",contexts,1
/home/yaroslav/Study/LeanSoftwareDevelopment/repository_metrics_with_ck/collected_metrics/otj-pg-embedded/../../otj-pg-embedded/src/main/java/com/opentable/db/postgres/junit/EmbeddedPostgresRules.java,com.opentable.db.postgres.junit.EmbeddedPostgresRules,preparedDatabase/1[com.opentable.db.postgres.embedded.DatabasePreparer],preparer,1
/home/yaroslav/Study/LeanSoftwareDevelopment/repository_metrics_with_ck/collected_metrics/otj-pg-embedded/../../otj-pg-embedded/src/main/java/com/opentable/db/postgres/embedded/DatabaseConnectionPreparer.java,com.opentable.db.postgres.embedded.DatabaseConnectionPreparer,prepare/1[javax.sql.DataSource],c,1
/home/yaroslav/Study/LeanSoftwareDevelopment/repository_metrics_with_ck/collected_metrics/otj-pg-embedded/../../otj-pg-embedded/src/main/java/com/opentable/db/postgres/embedded/DatabaseConnectionPreparer.java,com.opentable.db.postgres.embedded.DatabaseConnectionPreparer,prepare/1[javax.sql.DataSource],ds,1
/home/yaroslav/Study/LeanSoftwareDevelopment/repository_metrics_with_ck/collected_metrics/otj-pg-embedded/../../otj-pg-embedded/src/main/java/com/opentable/db/postgres/embedded/DatabaseConnectionPreparer.java,com.opentable.db.postgres.embedded.DatabaseConnectionPreparer,prepare/1[java.sql.Connection],conn,0
/home/yaroslav/Study/LeanSoftwareDevelopment/repository_metrics_with_ck/collected_metrics/otj-pg-embedded/../../otj-pg-embedded/src/test/java/com/opentable/db/postgres/embedded/EmbeddedPostgresTest.java,com.opentable.db.postgres.embedded.EmbeddedPostgresTest,"testSpecificDatabaseName/2[com.opentable.db.postgres.embedded.EmbeddedPostgres,java.lang.String]",expectedName,1
/home/yaroslav/Study/LeanSoftwareDevelopment/repository_metrics_with_ck/collected_metrics/otj-pg-embedded/../../otj-pg-embedded/src/test/java/com/opentable/db/postgres/embedded/EmbeddedPostgresTest.java,com.opentable.db.postgres.embedded.EmbeddedPostgresTest,"testSpecificDatabaseName/2[com.opentable.db.postgres.embedded.EmbeddedPostgres,java.lang.String]",db,2
/home/yaroslav/Study/LeanSoftwareDevelopment/repository_metrics_with_ck/collected_metrics/otj-pg-embedded/../../otj-pg-embedded/src/test/java/com/opentable/db/postgres/embedded/EmbeddedPostgresTest.java,com.opentable.db.postgres.embedded.EmbeddedPostgresTest,testEmbeddedPg/0,rs,3
/home/yaroslav/Study/LeanSoftwareDevelopment/repository_metrics_with_ck/collected_metrics/otj-pg-embedded/../../otj-pg-embedded/src/test/java/com/opentable/db/postgres/embedded/EmbeddedPostgresTest.java,com.opentable.db.postgres.embedded.EmbeddedPostgresTest,testEmbeddedPg/0,c,1
/home/yaroslav/Study/LeanSoftwareDevelopment/repository_metrics_with_ck/collected_metrics/otj-pg-embedded/../../otj-pg-embedded/src/test/java/com/opentable/db/postgres/embedded/EmbeddedPostgresTest.java,com.opentable.db.postgres.embedded.EmbeddedPostgresTest,testEmbeddedPg/0,s,1
/home/yaroslav/Study/LeanSoftwareDevelopment/repository_metrics_with_ck/collected_metrics/otj-pg-embedded/../../otj-pg-embedded/src/test/java/com/opentable/db/postgres/embedded/EmbeddedPostgresTest.java,com.opentable.db.postgres.embedded.EmbeddedPostgresTest,testEmbeddedPg/0,pg,1
/home/yaroslav/Study/LeanSoftwareDevelopment/repository_metrics_with_ck/collected_metrics/otj-pg-embedded/../../otj-pg-embedded/src/test/java/com/opentable/db/postgres/embedded/EmbeddedPostgresTest.java,com.opentable.db.postgres.embedded.EmbeddedPostgresTest,testValidLocaleSettingsPassthrough/0,e,2
/home/yaroslav/Study/LeanSoftwareDevelopment/repository_metrics_with_ck/collected_metrics/otj-pg-embedded/../../otj-pg-embedded/src/test/java/com/opentable/db/postgres/embedded/EmbeddedPostgresTest.java,com.opentable.db.postgres.embedded.EmbeddedPostgresTest,testValidLocaleSettingsPassthrough/0,builder,7
/home/yaroslav/Study/LeanSoftwareDevelopment/repository_metrics_with_ck/collected_metrics/otj-pg-embedded/../../otj-pg-embedded/src/test/java/com/opentable/db/postgres/embedded/EmbeddedPostgresTest.java,com.opentable.db.postgres.embedded.EmbeddedPostgresTest,"testSpecificDatabaseName/3[javax.sql.DataSource,com.opentable.db.postgres.embedded.EmbeddedPostgres,java.lang.String]",expectedName,1
/home/yaroslav/Study/LeanSoftwareDevelopment/repository_metrics_with_ck/collected_metrics/otj-pg-embedded/../../otj-pg-embedded/src/test/java/com/opentable/db/postgres/embedded/EmbeddedPostgresTest.java,com.opentable.db.postgres.embedded.EmbeddedPostgresTest,"testSpecificDatabaseName/3[javax.sql.DataSource,com.opentable.db.postgres.embedded.EmbeddedPostgres,java.lang.String]",c,1
/home/yaroslav/Study/LeanSoftwareDevelopment/repository_metrics_with_ck/collected_metrics/otj-pg-embedded/../../otj-pg-embedded/src/test/java/com/opentable/db/postgres/embedded/EmbeddedPostgresTest.java,com.opentable.db.postgres.embedded.EmbeddedPostgresTest,"testSpecificDatabaseName/3[javax.sql.DataSource,com.opentable.db.postgres.embedded.EmbeddedPostgres,java.lang.String]",statement,1
/home/yaroslav/Study/LeanSoftwareDevelopment/repository_metrics_with_ck/collected_metrics/otj-pg-embedded/../../otj-pg-embedded/src/test/java/com/opentable/db/postgres/embedded/EmbeddedPostgresTest.java,com.opentable.db.postgres.embedded.EmbeddedPostgresTest,"testSpecificDatabaseName/3[javax.sql.DataSource,com.opentable.db.postgres.embedded.EmbeddedPostgres,java.lang.String]",dataSource,1
/home/yaroslav/Study/LeanSoftwareDevelopment/repository_metrics_with_ck/collected_metrics/otj-pg-embedded/../../otj-pg-embedded/src/test/java/com/opentable/db/postgres/embedded/EmbeddedPostgresTest.java,com.opentable.db.postgres.embedded.EmbeddedPostgresTest,"testSpecificDatabaseName/3[javax.sql.DataSource,com.opentable.db.postgres.embedded.EmbeddedPostgres,java.lang.String]",db,0
/home/yaroslav/Study/LeanSoftwareDevelopment/repository_metrics_with_ck/collected_metrics/otj-pg-embedded/../../otj-pg-embedded/src/test/java/com/opentable/db/postgres/embedded/EmbeddedPostgresTest.java,com.opentable.db.postgres.embedded.EmbeddedPostgresTest,"testSpecificDatabaseName/3[javax.sql.DataSource,com.opentable.db.postgres.embedded.EmbeddedPostgres,java.lang.String]",resultSet,2
/home/yaroslav/Study/LeanSoftwareDevelopment/repository_metrics_with_ck/collected_metrics/otj-pg-embedded/../../otj-pg-embedded/src/test/java/com/opentable/db/postgres/embedded/EmbeddedPostgresTest.java,com.opentable.db.postgres.embedded.EmbeddedPostgresTest,testTemplateDatabase/0,db,3
/home/yaroslav/Study/LeanSoftwareDevelopment/repository_metrics_with_ck/collected_metrics/otj-pg-embedded/../../otj-pg-embedded/src/test/java/com/opentable/db/postgres/embedded/EmbeddedPostgresTest.java,com.opentable.db.postgres.embedded.EmbeddedPostgresTest,testImageOptions/0,b,4
/home/yaroslav/Study/LeanSoftwareDevelopment/repository_metrics_with_ck/collected_metrics/otj-pg-embedded/../../otj-pg-embedded/src/test/java/com/opentable/db/postgres/embedded/EmbeddedPostgresTest.java,com.opentable.db.postgres.embedded.EmbeddedPostgresTest,testImageOptions/0,defaultImage,5
/home/yaroslav/Study/LeanSoftwareDevelopment/repository_metrics_with_ck/collected_metrics/otj-pg-embedded/../../otj-pg-embedded/src/test/java/com/opentable/db/postgres/embedded/EmbeddedPostgresTest.java,com.opentable.db.postgres.embedded.EmbeddedPostgresTest,testDatabaseName/0,db,5
/home/yaroslav/Study/LeanSoftwareDevelopment/repository_metrics_with_ck/collected_metrics/otj-pg-embedded/../../otj-pg-embedded/src/main/java/com/opentable/db/postgres/junit5/PreparedDbExtension.java,com.opentable.db.postgres.junit5.PreparedDbExtension,PreparedDbExtension/1[com.opentable.db.postgres.embedded.DatabasePreparer],preparer,3
/home/yaroslav/Study/LeanSoftwareDevelopment/repository_metrics_with_ck/collected_metrics/otj-pg-embedded/../../otj-pg-embedded/src/main/java/com/opentable/db/postgres/junit5/PreparedDbExtension.java,com.opentable.db.postgres.junit5.PreparedDbExtension,beforeAll/1[com.opentable.db.postgres.junit5.ExtensionContext],extensionContext,0
/home/yaroslav/Study/LeanSoftwareDevelopment/repository_metrics_with_ck/collected_metrics/otj-pg-embedded/../../otj-pg-embedded/src/main/java/com/opentable/db/postgres/junit5/PreparedDbExtension.java,com.opentable.db.postgres.junit5.PreparedDbExtension,customize/1[java.util.function.Consumer<com.opentable.db.postgres.embedded.EmbeddedPostgres.Builder>],customizer,1
/home/yaroslav/Study/LeanSoftwareDevelopment/repository_metrics_with_ck/collected_metrics/otj-pg-embedded/../../otj-pg-embedded/src/main/java/com/opentable/db/postgres/junit5/PreparedDbExtension.java,com.opentable.db.postgres.junit5.PreparedDbExtension,afterAll/1[com.opentable.db.postgres.junit5.ExtensionContext],extensionContext,0
/home/yaroslav/Study/LeanSoftwareDevelopment/repository_metrics_with_ck/collected_metrics/otj-pg-embedded/../../otj-pg-embedded/src/main/java/com/opentable/db/postgres/embedded/FlywayPreparer.java,com.opentable.db.postgres.embedded.FlywayPreparer,forClasspathLocation/1[java.lang.String[]],locations,1
/home/yaroslav/Study/LeanSoftwareDevelopment/repository_metrics_with_ck/collected_metrics/otj-pg-embedded/../../otj-pg-embedded/src/main/java/com/opentable/db/postgres/embedded/FlywayPreparer.java,com.opentable.db.postgres.embedded.FlywayPreparer,equals/1[java.lang.Object],obj,2
/home/yaroslav/Study/LeanSoftwareDevelopment/repository_metrics_with_ck/collected_metrics/otj-pg-embedded/../../otj-pg-embedded/src/main/java/com/opentable/db/postgres/embedded/FlywayPreparer.java,com.opentable.db.postgres.embedded.FlywayPreparer,FlywayPreparer/1[java.util.List<java.lang.String>],locations,2
/home/yaroslav/Study/LeanSoftwareDevelopment/repository_metrics_with_ck/collected_metrics/otj-pg-embedded/../../otj-pg-embedded/src/main/java/com/opentable/db/postgres/embedded/FlywayPreparer.java,com.opentable.db.postgres.embedded.FlywayPreparer,prepare/1[javax.sql.DataSource],ds,1
/home/yaroslav/Study/LeanSoftwareDevelopment/repository_metrics_with_ck/collected_metrics/otj-pg-embedded/../../otj-pg-embedded/src/main/java/com/opentable/db/postgres/embedded/ConnectionInfo.java,com.opentable.db.postgres.embedded.ConnectionInfo,"ConnectionInfo/5[java.lang.String,java.lang.String,java.lang.String,java.lang.String,int]",password,2
/home/yaroslav/Study/LeanSoftwareDevelopment/repository_metrics_with_ck/collected_metrics/otj-pg-embedded/../../otj-pg-embedded/src/main/java/com/opentable/db/postgres/embedded/ConnectionInfo.java,com.opentable.db.postgres.embedded.ConnectionInfo,"ConnectionInfo/5[java.lang.String,java.lang.String,java.lang.String,java.lang.String,int]",port,2
/home/yaroslav/Study/LeanSoftwareDevelopment/repository_metrics_with_ck/collected_metrics/otj-pg-embedded/../../otj-pg-embedded/src/main/java/com/opentable/db/postgres/embedded/ConnectionInfo.java,com.opentable.db.postgres.embedded.ConnectionInfo,"ConnectionInfo/5[java.lang.String,java.lang.String,java.lang.String,java.lang.String,int]",host,2
/home/yaroslav/Study/LeanSoftwareDevelopment/repository_metrics_with_ck/collected_metrics/otj-pg-embedded/../../otj-pg-embedded/src/main/java/com/opentable/db/postgres/embedded/ConnectionInfo.java,com.opentable.db.postgres.embedded.ConnectionInfo,"ConnectionInfo/5[java.lang.String,java.lang.String,java.lang.String,java.lang.String,int]",user,2
/home/yaroslav/Study/LeanSoftwareDevelopment/repository_metrics_with_ck/collected_metrics/otj-pg-embedded/../../otj-pg-embedded/src/main/java/com/opentable/db/postgres/embedded/ConnectionInfo.java,com.opentable.db.postgres.embedded.ConnectionInfo,"ConnectionInfo/5[java.lang.String,java.lang.String,java.lang.String,java.lang.String,int]",url,2
/home/yaroslav/Study/LeanSoftwareDevelopment/repository_metrics_with_ck/collected_metrics/otj-pg-embedded/../../otj-pg-embedded/src/main/java/com/opentable/db/postgres/embedded/JdbcUrlUtils.java,com.opentable.db.postgres.embedded.JdbcUrlUtils,"addUsernamePassword/3[java.lang.String,java.lang.String,java.lang.String]",par,1
/home/yaroslav/Study/LeanSoftwareDevelopment/repository_metrics_with_ck/collected_metrics/otj-pg-embedded/../../otj-pg-embedded/src/main/java/com/opentable/db/postgres/embedded/JdbcUrlUtils.java,com.opentable.db.postgres.embedded.JdbcUrlUtils,"addUsernamePassword/3[java.lang.String,java.lang.String,java.lang.String]",password,1
/home/yaroslav/Study/LeanSoftwareDevelopment/repository_metrics_with_ck/collected_metrics/otj-pg-embedded/../../otj-pg-embedded/src/main/java/com/opentable/db/postgres/embedded/JdbcUrlUtils.java,com.opentable.db.postgres.embedded.JdbcUrlUtils,"addUsernamePassword/3[java.lang.String,java.lang.String,java.lang.String]",part,7
/home/yaroslav/Study/LeanSoftwareDevelopment/repository_metrics_with_ck/collected_metrics/otj-pg-embedded/../../otj-pg-embedded/src/main/java/com/opentable/db/postgres/embedded/JdbcUrlUtils.java,com.opentable.db.postgres.embedded.JdbcUrlUtils,"addUsernamePassword/3[java.lang.String,java.lang.String,java.lang.String]",i,2
/home/yaroslav/Study/LeanSoftwareDevelopment/repository_metrics_with_ck/collected_metrics/otj-pg-embedded/../../otj-pg-embedded/src/main/java/com/opentable/db/postgres/embedded/JdbcUrlUtils.java,com.opentable.db.postgres.embedded.JdbcUrlUtils,"addUsernamePassword/3[java.lang.String,java.lang.String,java.lang.String]",userName,1
/home/yaroslav/Study/LeanSoftwareDevelopment/repository_metrics_with_ck/collected_metrics/otj-pg-embedded/../../otj-pg-embedded/src/main/java/com/opentable/db/postgres/embedded/JdbcUrlUtils.java,com.opentable.db.postgres.embedded.JdbcUrlUtils,"addUsernamePassword/3[java.lang.String,java.lang.String,java.lang.String]",params,3
/home/yaroslav/Study/LeanSoftwareDevelopment/repository_metrics_with_ck/collected_metrics/otj-pg-embedded/../../otj-pg-embedded/src/main/java/com/opentable/db/postgres/embedded/JdbcUrlUtils.java,com.opentable.db.postgres.embedded.JdbcUrlUtils,"addUsernamePassword/3[java.lang.String,java.lang.String,java.lang.String]",uri,7
/home/yaroslav/Study/LeanSoftwareDevelopment/repository_metrics_with_ck/collected_metrics/otj-pg-embedded/../../otj-pg-embedded/src/main/java/com/opentable/db/postgres/embedded/JdbcUrlUtils.java,com.opentable.db.postgres.embedded.JdbcUrlUtils,"addUsernamePassword/3[java.lang.String,java.lang.String,java.lang.String]",url,1
/home/yaroslav/Study/LeanSoftwareDevelopment/repository_metrics_with_ck/collected_metrics/otj-pg-embedded/../../otj-pg-embedded/src/main/java/com/opentable/db/postgres/embedded/JdbcUrlUtils.java,com.opentable.db.postgres.embedded.JdbcUrlUtils,getPort/1[java.lang.String],url,1
/home/yaroslav/Study/LeanSoftwareDevelopment/repository_metrics_with_ck/collected_metrics/otj-pg-embedded/../../otj-pg-embedded/src/main/java/com/opentable/db/postgres/embedded/JdbcUrlUtils.java,com.opentable.db.postgres.embedded.JdbcUrlUtils,"replaceDatabase/2[java.lang.String,java.lang.String]",dbName,1
/home/yaroslav/Study/LeanSoftwareDevelopment/repository_metrics_with_ck/collected_metrics/otj-pg-embedded/../../otj-pg-embedded/src/main/java/com/opentable/db/postgres/embedded/JdbcUrlUtils.java,com.opentable.db.postgres.embedded.JdbcUrlUtils,"replaceDatabase/2[java.lang.String,java.lang.String]",uri,6
/home/yaroslav/Study/LeanSoftwareDevelopment/repository_metrics_with_ck/collected_metrics/otj-pg-embedded/../../otj-pg-embedded/src/main/java/com/opentable/db/postgres/embedded/JdbcUrlUtils.java,com.opentable.db.postgres.embedded.JdbcUrlUtils,"replaceDatabase/2[java.lang.String,java.lang.String]",url,1
/home/yaroslav/Study/LeanSoftwareDevelopment/repository_metrics_with_ck/collected_metrics/otj-pg-embedded/../../otj-pg-embedded/src/test/java/com/opentable/db/postgres/embedded/IsolationTest.java,com.opentable.db.postgres.embedded.IsolationTest,makeTable/1[java.sql.Connection],c,1
/home/yaroslav/Study/LeanSoftwareDevelopment/repository_metrics_with_ck/collected_metrics/otj-pg-embedded/../../otj-pg-embedded/src/test/java/com/opentable/db/postgres/embedded/IsolationTest.java,com.opentable.db.postgres.embedded.IsolationTest,makeTable/1[java.sql.Connection],s,1
/home/yaroslav/Study/LeanSoftwareDevelopment/repository_metrics_with_ck/collected_metrics/otj-pg-embedded/../../otj-pg-embedded/src/test/java/com/opentable/db/postgres/embedded/IsolationTest.java,com.opentable.db.postgres.embedded.IsolationTest,getConnection/1[com.opentable.db.postgres.junit.SingleInstancePostgresRule],epg,1
/home/yaroslav/Study/LeanSoftwareDevelopment/repository_metrics_with_ck/collected_metrics/otj-pg-embedded/../../otj-pg-embedded/src/test/java/com/opentable/db/postgres/embedded/IsolationTest.java,com.opentable.db.postgres.embedded.IsolationTest,testIsolation/0,c,1
/home/yaroslav/Study/LeanSoftwareDevelopment/repository_metrics_with_ck/collected_metrics/otj-pg-embedded/../../otj-pg-embedded/src/test/java/com/opentable/db/postgres/embedded/IsolationTest.java,com.opentable.db.postgres.embedded.IsolationTest,testIsolation/0,c2,1
/home/yaroslav/Study/LeanSoftwareDevelopment/repository_metrics_with_ck/collected_metrics/otj-pg-embedded/../../otj-pg-embedded/src/main/java/com/opentable/db/postgres/embedded/PreparedDbProvider.java,com.opentable.db.postgres.embedded.PreparedDbProvider$ClusterKey,"ClusterKey/2[com.opentable.db.postgres.embedded.DatabasePreparer,java.lang.Iterable<java.util.function.Consumer<com.opentable.db.postgres.embedded.EmbeddedPostgres.Builder>>]",preparer,2
/home/yaroslav/Study/LeanSoftwareDevelopment/repository_metrics_with_ck/collected_metrics/otj-pg-embedded/../../otj-pg-embedded/src/main/java/com/opentable/db/postgres/embedded/PreparedDbProvider.java,com.opentable.db.postgres.embedded.PreparedDbProvider$ClusterKey,"ClusterKey/2[com.opentable.db.postgres.embedded.DatabasePreparer,java.lang.Iterable<java.util.function.Consumer<com.opentable.db.postgres.embedded.EmbeddedPostgres.Builder>>]",c,1
/home/yaroslav/Study/LeanSoftwareDevelopment/repository_metrics_with_ck/collected_metrics/otj-pg-embedded/../../otj-pg-embedded/src/main/java/com/opentable/db/postgres/embedded/PreparedDbProvider.java,com.opentable.db.postgres.embedded.PreparedDbProvider$ClusterKey,"ClusterKey/2[com.opentable.db.postgres.embedded.DatabasePreparer,java.lang.Iterable<java.util.function.Consumer<com.opentable.db.postgres.embedded.EmbeddedPostgres.Builder>>]",customizers,1
/home/yaroslav/Study/LeanSoftwareDevelopment/repository_metrics_with_ck/collected_metrics/otj-pg-embedded/../../otj-pg-embedded/src/main/java/com/opentable/db/postgres/embedded/PreparedDbProvider.java,com.opentable.db.postgres.embedded.PreparedDbProvider$ClusterKey,equals/1[java.lang.Object],that,2
/home/yaroslav/Study/LeanSoftwareDevelopment/repository_metrics_with_ck/collected_metrics/otj-pg-embedded/../../otj-pg-embedded/src/main/java/com/opentable/db/postgres/embedded/PreparedDbProvider.java,com.opentable.db.postgres.embedded.PreparedDbProvider$ClusterKey,equals/1[java.lang.Object],o,4
/home/yaroslav/Study/LeanSoftwareDevelopment/repository_metrics_with_ck/collected_metrics/otj-pg-embedded/../../otj-pg-embedded/src/test/java/com/opentable/db/postgres/embedded/LiquibasePreparerTest.java,com.opentable.db.postgres.embedded.LiquibasePreparerTest,testTablesMade/0,rs,2
/home/yaroslav/Study/LeanSoftwareDevelopment/repository_metrics_with_ck/collected_metrics/otj-pg-embedded/../../otj-pg-embedded/src/test/java/com/opentable/db/postgres/embedded/LiquibasePreparerTest.java,com.opentable.db.postgres.embedded.LiquibasePreparerTest,testTablesMade/0,c,1
/home/yaroslav/Study/LeanSoftwareDevelopment/repository_metrics_with_ck/collected_metrics/otj-pg-embedded/../../otj-pg-embedded/src/test/java/com/opentable/db/postgres/embedded/LiquibasePreparerTest.java,com.opentable.db.postgres.embedded.LiquibasePreparerTest,testTablesMade/0,s,1
