file,class,method,constructor,line,cbo,cboModified,fanin,fanout,wmc,rfc,loc,returnsQty,variablesQty,parametersQty,methodsInvokedQty,methodsInvokedLocalQty,methodsInvokedIndirectLocalQty,loopQty,comparisonsQty,tryCatchQty,parenthesizedExpsQty,stringLiteralsQty,numbersQty,assignmentsQty,mathOperationsQty,maxNestedBlocksQty,anonymousClassesQty,innerClassesQty,lambdasQty,uniqueWordsQty,modifiers,logStatementsQty,hasJavaDoc
/home/yaroslav/Study/LeanSoftwareDevelopment/repository_metrics_with_ck/collected_metrics/stampede/../../stampede/main/src/main/java/com/torodb/stampede/config/model/backend/Backend.java,com.torodb.stampede.config.model.backend.Backend,getBackendImplementation/0,false,78,9,3,3,0,1,1,3,1,0,0,1,0,0,0,0,0,0,2,0,0,0,0,0,0,0,7,1,0,false
/home/yaroslav/Study/LeanSoftwareDevelopment/repository_metrics_with_ck/collected_metrics/stampede/../../stampede/main/src/main/java/com/torodb/stampede/config/model/backend/Backend.java,com.torodb.stampede.config.model.backend.Backend,Backend/0,true,55,1,2,1,1,1,0,3,0,0,0,0,0,0,0,0,0,0,0,0,0,0,0,0,0,0,2,1,0,false
/home/yaroslav/Study/LeanSoftwareDevelopment/repository_metrics_with_ck/collected_metrics/stampede/../../stampede/main/src/main/java/com/torodb/stampede/config/model/backend/Backend.java,com.torodb.stampede.config.model.backend.Backend,Backend/1[com.torodb.stampede.config.model.backend.BackendImplementation],true,59,1,0,0,0,1,1,4,0,0,1,1,0,0,0,0,0,0,0,0,0,0,0,0,0,0,14,1,0,false
/home/yaroslav/Study/LeanSoftwareDevelopment/repository_metrics_with_ck/collected_metrics/stampede/../../stampede/main/src/main/java/com/torodb/stampede/config/model/backend/Backend.java,com.torodb.stampede.config.model.backend.Backend,setPool/1[com.torodb.stampede.config.model.backend.Pool],false,86,1,0,0,0,1,0,3,0,0,1,0,0,0,0,0,0,0,0,0,1,0,0,0,0,0,3,1,0,false
/home/yaroslav/Study/LeanSoftwareDevelopment/repository_metrics_with_ck/collected_metrics/stampede/../../stampede/main/src/main/java/com/torodb/stampede/config/model/backend/Backend.java,com.torodb.stampede.config.model.backend.Backend,getConnectionPoolConfig/0,false,66,4,1,0,1,1,1,3,1,0,0,1,1,1,0,0,0,0,0,0,0,0,0,0,0,0,4,1,0,false
/home/yaroslav/Study/LeanSoftwareDevelopment/repository_metrics_with_ck/collected_metrics/stampede/../../stampede/main/src/main/java/com/torodb/stampede/config/model/backend/Backend.java,com.torodb.stampede.config.model.backend.Backend,getPool/0,false,82,1,1,1,0,1,0,3,1,0,0,0,0,0,0,0,0,0,0,0,0,0,0,0,0,0,3,1,0,false
/home/yaroslav/Study/LeanSoftwareDevelopment/repository_metrics_with_ck/collected_metrics/stampede/../../stampede/main/src/main/java/com/torodb/stampede/CliConfig.java,com.torodb.stampede.CliConfig$BackendValueValidator,"validate/2[java.lang.String,java.lang.String]",false,463,3,1,0,1,6,5,13,0,2,2,5,0,0,1,4,0,1,3,0,2,1,3,0,0,0,14,1,0,false
/home/yaroslav/Study/LeanSoftwareDevelopment/repository_metrics_with_ck/collected_metrics/stampede/../../stampede/service/src/test/java/com/torodb/stampede/StampedeServiceTest.java,com.torodb.stampede.StampedeServiceTest$Anonymous2,getPath/0,false,132,0,0,0,0,1,0,3,1,0,0,0,0,0,0,0,0,0,1,0,0,0,0,0,0,0,2,1,0,false
/home/yaroslav/Study/LeanSoftwareDevelopment/repository_metrics_with_ck/collected_metrics/stampede/../../stampede/service/src/test/java/com/torodb/stampede/StampedeServiceTest.java,com.torodb.stampede.StampedeServiceTest$Anonymous2,getRollCycle/0,false,142,1,0,0,0,1,0,3,1,0,0,0,0,0,0,0,0,0,0,0,0,0,0,0,0,0,4,1,0,false
/home/yaroslav/Study/LeanSoftwareDevelopment/repository_metrics_with_ck/collected_metrics/stampede/../../stampede/service/src/test/java/com/torodb/stampede/StampedeServiceTest.java,com.torodb.stampede.StampedeServiceTest$Anonymous2,getEnabled/0,false,127,0,0,0,0,1,0,3,1,0,0,0,0,0,0,0,0,0,0,0,0,0,0,0,0,0,4,1,0,false
/home/yaroslav/Study/LeanSoftwareDevelopment/repository_metrics_with_ck/collected_metrics/stampede/../../stampede/service/src/test/java/com/torodb/stampede/StampedeServiceTest.java,com.torodb.stampede.StampedeServiceTest$Anonymous2,getMaxFiles/0,false,137,0,0,0,0,1,0,3,1,0,0,0,0,0,0,0,0,0,0,1,0,0,0,0,0,0,3,1,0,false
/home/yaroslav/Study/LeanSoftwareDevelopment/repository_metrics_with_ck/collected_metrics/stampede/../../stampede/service/src/test/java/com/torodb/stampede/StampedeServiceTest.java,com.torodb.stampede.StampedeServiceTest$Anonymous1,getShardId/0,false,102,0,1,1,0,1,0,3,1,0,0,0,0,0,0,0,0,0,1,0,0,1,0,0,0,0,4,1,0,false
/home/yaroslav/Study/LeanSoftwareDevelopment/repository_metrics_with_ck/collected_metrics/stampede/../../stampede/service/src/test/java/com/torodb/stampede/StampedeServiceTest.java,com.torodb.stampede.StampedeServiceTest$Anonymous1,createConfig/1[com.torodb.stampede.ConsistencyHandler],false,108,4,1,0,1,1,3,3,1,0,1,3,1,1,0,0,0,0,2,1,0,1,0,0,0,0,9,1,0,false
/home/yaroslav/Study/LeanSoftwareDevelopment/repository_metrics_with_ck/collected_metrics/stampede/../../stampede/main/src/main/java/com/torodb/stampede/config/model/mongo/replication/ShardReplication.java,com.torodb.stampede.config.model.mongo.replication.ShardReplication,getReplSetName/0,false,40,3,1,1,0,1,1,3,1,0,0,1,0,0,0,0,0,0,1,0,0,0,0,0,0,0,9,1,0,false
/home/yaroslav/Study/LeanSoftwareDevelopment/repository_metrics_with_ck/collected_metrics/stampede/../../stampede/main/src/main/java/com/torodb/stampede/config/model/mongo/replication/ShardReplication.java,com.torodb.stampede.config.model.mongo.replication.ShardReplication,getAuth/0,false,66,4,1,1,0,1,1,3,1,0,0,1,0,0,0,0,0,0,1,0,0,0,0,0,0,0,4,1,0,false
/home/yaroslav/Study/LeanSoftwareDevelopment/repository_metrics_with_ck/collected_metrics/stampede/../../stampede/main/src/main/java/com/torodb/stampede/config/model/mongo/replication/ShardReplication.java,com.torodb.stampede.config.model.mongo.replication.ShardReplication,getSyncSource/0,false,52,4,1,1,0,1,1,3,1,0,0,1,0,0,0,0,0,0,1,0,0,0,0,0,0,0,10,1,0,false
/home/yaroslav/Study/LeanSoftwareDevelopment/repository_metrics_with_ck/collected_metrics/stampede/../../stampede/main/src/main/java/com/torodb/stampede/config/model/mongo/replication/ShardReplication.java,com.torodb.stampede.config.model.mongo.replication.ShardReplication,getRole/0,false,45,3,0,0,0,1,1,3,1,0,0,1,0,0,0,0,0,0,0,0,0,0,0,0,0,0,2,1,0,false
/home/yaroslav/Study/LeanSoftwareDevelopment/repository_metrics_with_ck/collected_metrics/stampede/../../stampede/main/src/main/java/com/torodb/stampede/config/model/mongo/replication/ShardReplication.java,com.torodb.stampede.config.model.mongo.replication.ShardReplication,getSsl/0,false,59,4,1,1,0,1,1,3,1,0,0,1,0,0,0,0,0,0,1,0,0,0,0,0,0,0,4,1,0,false
/home/yaroslav/Study/LeanSoftwareDevelopment/repository_metrics_with_ck/collected_metrics/stampede/../../stampede/main/src/main/java/com/torodb/stampede/config/model/backend/mysql/MySql.java,com.torodb.stampede.config.model.backend.mysql.MySql,getHost/0,false,57,4,0,0,0,1,1,3,1,0,0,1,0,0,0,0,0,0,1,0,0,0,0,0,0,0,4,1,0,false
/home/yaroslav/Study/LeanSoftwareDevelopment/repository_metrics_with_ck/collected_metrics/stampede/../../stampede/main/src/main/java/com/torodb/stampede/config/model/backend/mysql/MySql.java,com.torodb.stampede.config.model.backend.mysql.MySql,getApplicationName/0,false,104,3,0,0,0,1,1,3,1,0,0,1,0,0,0,0,0,0,1,0,0,0,0,0,0,0,5,1,0,false
/home/yaroslav/Study/LeanSoftwareDevelopment/repository_metrics_with_ck/collected_metrics/stampede/../../stampede/main/src/main/java/com/torodb/stampede/config/model/backend/mysql/MySql.java,com.torodb.stampede.config.model.backend.mysql.MySql,getToropassFile/0,false,96,3,0,0,0,1,1,3,1,0,0,1,0,0,0,0,0,0,1,0,0,0,0,0,0,0,5,1,0,false
/home/yaroslav/Study/LeanSoftwareDevelopment/repository_metrics_with_ck/collected_metrics/stampede/../../stampede/main/src/main/java/com/torodb/stampede/config/model/backend/mysql/MySql.java,com.torodb.stampede.config.model.backend.mysql.MySql,getPort/0,false,66,4,0,0,0,1,1,3,1,0,0,1,0,0,0,0,0,0,1,0,0,0,0,0,0,0,5,1,0,false
/home/yaroslav/Study/LeanSoftwareDevelopment/repository_metrics_with_ck/collected_metrics/stampede/../../stampede/main/src/main/java/com/torodb/stampede/config/model/backend/mysql/MySql.java,com.torodb.stampede.config.model.backend.mysql.MySql,getUser/0,false,82,3,0,0,0,1,1,3,1,0,0,1,0,0,0,0,0,0,1,0,0,0,0,0,0,0,4,1,0,false
/home/yaroslav/Study/LeanSoftwareDevelopment/repository_metrics_with_ck/collected_metrics/stampede/../../stampede/main/src/main/java/com/torodb/stampede/config/model/backend/mysql/MySql.java,com.torodb.stampede.config.model.backend.mysql.MySql,getPassword/0,false,88,1,0,0,0,1,1,3,1,0,0,1,0,0,0,0,0,0,0,0,0,0,0,0,0,0,2,1,0,false
/home/yaroslav/Study/LeanSoftwareDevelopment/repository_metrics_with_ck/collected_metrics/stampede/../../stampede/main/src/main/java/com/torodb/stampede/config/model/backend/mysql/MySql.java,com.torodb.stampede.config.model.backend.mysql.MySql,getIncludeForeignKeys/0,false,110,1,0,0,0,1,1,3,1,0,0,1,0,0,0,0,0,0,0,0,0,0,0,0,0,0,5,1,0,false
/home/yaroslav/Study/LeanSoftwareDevelopment/repository_metrics_with_ck/collected_metrics/stampede/../../stampede/main/src/main/java/com/torodb/stampede/config/model/backend/mysql/MySql.java,com.torodb.stampede.config.model.backend.mysql.MySql,getDatabase/0,false,74,3,0,0,0,1,1,3,1,0,0,1,0,0,0,0,0,0,1,0,0,0,0,0,0,0,4,1,0,false
/home/yaroslav/Study/LeanSoftwareDevelopment/repository_metrics_with_ck/collected_metrics/stampede/../../stampede/main/src/main/java/com/torodb/stampede/config/model/backend/mysql/MySql.java,com.torodb.stampede.config.model.backend.mysql.MySql,getSsl/0,false,118,3,0,0,0,1,1,3,1,0,0,1,0,0,0,0,0,0,1,0,0,0,0,0,0,0,5,1,0,false
/home/yaroslav/Study/LeanSoftwareDevelopment/repository_metrics_with_ck/collected_metrics/stampede/../../stampede/main/src/main/java/com/torodb/stampede/config/model/backend/mysql/MySql.java,com.torodb.stampede.config.model.backend.mysql.MySql,MySql/0,true,38,0,0,0,0,1,1,3,0,0,0,1,0,0,0,0,0,0,5,1,0,0,0,0,0,0,2,1,0,false
/home/yaroslav/Study/LeanSoftwareDevelopment/repository_metrics_with_ck/collected_metrics/stampede/../../stampede/main/src/main/java/com/torodb/stampede/CliConfig.java,com.torodb.stampede.CliConfig,getXmlConfFile/0,false,191,0,0,0,0,1,0,3,1,0,0,0,0,0,0,0,0,0,0,0,0,0,0,0,0,0,5,1,0,false
/home/yaroslav/Study/LeanSoftwareDevelopment/repository_metrics_with_ck/collected_metrics/stampede/../../stampede/main/src/main/java/com/torodb/stampede/CliConfig.java,com.torodb.stampede.CliConfig,getPrintParamPaths/0,false,175,0,1,1,0,1,0,3,1,0,0,0,0,0,0,0,0,0,0,0,0,0,0,0,0,0,6,1,0,false
/home/yaroslav/Study/LeanSoftwareDevelopment/repository_metrics_with_ck/collected_metrics/stampede/../../stampede/main/src/main/java/com/torodb/stampede/CliConfig.java,com.torodb.stampede.CliConfig,getConnectionPoolSize/0,false,238,0,0,0,0,1,0,3,1,0,0,0,0,0,0,0,0,0,0,0,0,0,0,0,0,0,5,1,0,false
/home/yaroslav/Study/LeanSoftwareDevelopment/repository_metrics_with_ck/collected_metrics/stampede/../../stampede/main/src/main/java/com/torodb/stampede/CliConfig.java,com.torodb.stampede.CliConfig,getSslEnabled/0,false,270,0,0,0,0,1,0,3,1,0,0,0,0,0,0,0,0,0,0,0,0,0,0,0,0,0,5,1,0,false
/home/yaroslav/Study/LeanSoftwareDevelopment/repository_metrics_with_ck/collected_metrics/stampede/../../stampede/main/src/main/java/com/torodb/stampede/CliConfig.java,com.torodb.stampede.CliConfig,getSslKeyPassword/0,false,302,0,0,0,0,1,0,3,1,0,0,0,0,0,0,0,0,0,0,0,0,0,0,0,0,0,5,1,0,false
/home/yaroslav/Study/LeanSoftwareDevelopment/repository_metrics_with_ck/collected_metrics/stampede/../../stampede/main/src/main/java/com/torodb/stampede/CliConfig.java,com.torodb.stampede.CliConfig,getBackendSsl/0,false,346,0,0,0,0,1,0,3,1,0,0,0,0,0,0,0,0,0,0,0,0,0,0,0,0,0,5,1,0,false
/home/yaroslav/Study/LeanSoftwareDevelopment/repository_metrics_with_ck/collected_metrics/stampede/../../stampede/main/src/main/java/com/torodb/stampede/CliConfig.java,com.torodb.stampede.CliConfig,isPrintXmlConfig/0,false,166,0,1,1,0,1,0,3,1,0,0,0,0,0,0,0,0,0,0,0,0,0,0,0,0,0,5,1,0,false
/home/yaroslav/Study/LeanSoftwareDevelopment/repository_metrics_with_ck/collected_metrics/stampede/../../stampede/main/src/main/java/com/torodb/stampede/CliConfig.java,com.torodb.stampede.CliConfig,"addParam/2[java.lang.String,java.lang.String]",false,215,0,1,1,0,2,1,6,0,0,2,1,0,0,0,1,0,0,1,0,1,1,1,0,0,0,6,1,0,false
/home/yaroslav/Study/LeanSoftwareDevelopment/repository_metrics_with_ck/collected_metrics/stampede/../../stampede/main/src/main/java/com/torodb/stampede/CliConfig.java,com.torodb.stampede.CliConfig,getApplicationName/0,false,342,0,0,0,0,1,0,3,1,0,0,0,0,0,0,0,0,0,0,0,0,0,0,0,0,0,4,1,0,false
/home/yaroslav/Study/LeanSoftwareDevelopment/repository_metrics_with_ck/collected_metrics/stampede/../../stampede/main/src/main/java/com/torodb/stampede/CliConfig.java,com.torodb.stampede.CliConfig,getAuthSource/0,false,314,0,0,0,0,1,0,3,1,0,0,0,0,0,0,0,0,0,0,0,0,0,0,0,0,0,4,1,0,false
/home/yaroslav/Study/LeanSoftwareDevelopment/repository_metrics_with_ck/collected_metrics/stampede/../../stampede/main/src/main/java/com/torodb/stampede/CliConfig.java,com.torodb.stampede.CliConfig,getBackendHost/0,false,322,0,0,0,0,1,0,3,1,0,0,0,0,0,0,0,0,0,0,0,0,0,0,0,0,0,4,1,0,false
/home/yaroslav/Study/LeanSoftwareDevelopment/repository_metrics_with_ck/collected_metrics/stampede/../../stampede/main/src/main/java/com/torodb/stampede/CliConfig.java,com.torodb.stampede.CliConfig,getParams/0,false,211,0,1,1,0,1,0,3,1,0,0,0,0,0,0,0,0,0,0,0,0,0,0,0,0,0,3,1,0,false
/home/yaroslav/Study/LeanSoftwareDevelopment/repository_metrics_with_ck/collected_metrics/stampede/../../stampede/main/src/main/java/com/torodb/stampede/CliConfig.java,com.torodb.stampede.CliConfig,hasPrintParams/0,false,170,0,1,1,0,2,1,3,1,0,0,1,0,0,0,1,0,0,0,0,0,0,0,0,0,0,5,1,0,false
/home/yaroslav/Study/LeanSoftwareDevelopment/repository_metrics_with_ck/collected_metrics/stampede/../../stampede/main/src/main/java/com/torodb/stampede/CliConfig.java,com.torodb.stampede.CliConfig,getSslTrustStorePassword/0,false,290,0,0,0,0,1,0,3,1,0,0,0,0,0,0,0,0,0,0,0,0,0,0,0,0,0,6,1,0,false
/home/yaroslav/Study/LeanSoftwareDevelopment/repository_metrics_with_ck/collected_metrics/stampede/../../stampede/main/src/main/java/com/torodb/stampede/CliConfig.java,com.torodb.stampede.CliConfig,getLog4j2File/0,false,230,0,0,0,0,1,0,3,1,0,0,0,0,0,0,0,0,0,0,0,0,0,0,0,0,0,4,1,0,false
/home/yaroslav/Study/LeanSoftwareDevelopment/repository_metrics_with_ck/collected_metrics/stampede/../../stampede/main/src/main/java/com/torodb/stampede/CliConfig.java,com.torodb.stampede.CliConfig,getOffHeapBufferPath/0,false,250,0,0,0,0,1,0,3,1,0,0,0,0,0,0,0,0,0,0,0,0,0,0,0,0,0,6,1,0,false
/home/yaroslav/Study/LeanSoftwareDevelopment/repository_metrics_with_ck/collected_metrics/stampede/../../stampede/main/src/main/java/com/torodb/stampede/CliConfig.java,com.torodb.stampede.CliConfig,getToropassFile/0,false,338,0,0,0,0,1,0,3,1,0,0,0,0,0,0,0,0,0,0,0,0,0,0,0,0,0,4,1,0,false
/home/yaroslav/Study/LeanSoftwareDevelopment/repository_metrics_with_ck/collected_metrics/stampede/../../stampede/main/src/main/java/com/torodb/stampede/CliConfig.java,com.torodb.stampede.CliConfig,addParams/0,false,350,1,2,1,1,39,1,96,0,1,0,1,1,1,0,32,0,0,51,0,1,7,1,0,0,0,51,1,0,false
/home/yaroslav/Study/LeanSoftwareDevelopment/repository_metrics_with_ck/collected_metrics/stampede/../../stampede/main/src/main/java/com/torodb/stampede/CliConfig.java,com.torodb.stampede.CliConfig,getConfFile/0,false,179,0,0,0,0,1,0,3,1,0,0,0,0,0,0,0,0,0,0,0,0,0,0,0,0,0,4,1,0,false
/home/yaroslav/Study/LeanSoftwareDevelopment/repository_metrics_with_ck/collected_metrics/stampede/../../stampede/main/src/main/java/com/torodb/stampede/CliConfig.java,com.torodb.stampede.CliConfig,hasXmlConfFile/0,false,195,0,1,1,0,2,0,3,1,0,0,0,0,0,0,1,0,0,0,0,0,0,0,0,0,0,6,1,0,false
/home/yaroslav/Study/LeanSoftwareDevelopment/repository_metrics_with_ck/collected_metrics/stampede/../../stampede/main/src/main/java/com/torodb/stampede/CliConfig.java,com.torodb.stampede.CliConfig,getBackendDatabase/0,false,330,0,0,0,0,1,0,3,1,0,0,0,0,0,0,0,0,0,0,0,0,0,0,0,0,0,4,1,0,false
/home/yaroslav/Study/LeanSoftwareDevelopment/repository_metrics_with_ck/collected_metrics/stampede/../../stampede/main/src/main/java/com/torodb/stampede/CliConfig.java,com.torodb.stampede.CliConfig,getSslKeyStoreFile/0,false,294,0,0,0,0,1,0,3,1,0,0,0,0,0,0,0,0,0,0,0,0,0,0,0,0,0,6,1,0,false
/home/yaroslav/Study/LeanSoftwareDevelopment/repository_metrics_with_ck/collected_metrics/stampede/../../stampede/main/src/main/java/com/torodb/stampede/CliConfig.java,com.torodb.stampede.CliConfig,isHelp/0,false,158,0,1,1,0,1,0,3,1,0,0,0,0,0,0,0,0,0,0,0,0,0,0,0,0,0,3,1,0,false
/home/yaroslav/Study/LeanSoftwareDevelopment/repository_metrics_with_ck/collected_metrics/stampede/../../stampede/main/src/main/java/com/torodb/stampede/CliConfig.java,com.torodb.stampede.CliConfig,isPrintConfig/0,false,162,0,1,1,0,1,0,3,1,0,0,0,0,0,0,0,0,0,0,0,0,0,0,0,0,0,4,1,0,false
/home/yaroslav/Study/LeanSoftwareDevelopment/repository_metrics_with_ck/collected_metrics/stampede/../../stampede/main/src/main/java/com/torodb/stampede/CliConfig.java,com.torodb.stampede.CliConfig,getSslAllowInvalidHostnames/0,false,274,0,0,0,0,1,0,3,1,0,0,0,0,0,0,0,0,0,0,0,0,0,0,0,0,0,7,1,0,false
/home/yaroslav/Study/LeanSoftwareDevelopment/repository_metrics_with_ck/collected_metrics/stampede/../../stampede/main/src/main/java/com/torodb/stampede/CliConfig.java,com.torodb.stampede.CliConfig,getSslKeyStorePassword/0,false,298,0,0,0,0,1,0,3,1,0,0,0,0,0,0,0,0,0,0,0,0,0,0,0,0,0,6,1,0,false
/home/yaroslav/Study/LeanSoftwareDevelopment/repository_metrics_with_ck/collected_metrics/stampede/../../stampede/main/src/main/java/com/torodb/stampede/CliConfig.java,com.torodb.stampede.CliConfig,getOffHeapBufferMaxFiles/0,false,254,0,0,0,0,1,0,3,1,0,0,0,0,0,0,0,0,0,0,0,0,0,0,0,0,0,7,1,0,false
/home/yaroslav/Study/LeanSoftwareDevelopment/repository_metrics_with_ck/collected_metrics/stampede/../../stampede/main/src/main/java/com/torodb/stampede/CliConfig.java,com.torodb.stampede.CliConfig,getBackendUser/0,false,334,0,0,0,0,1,0,3,1,0,0,0,0,0,0,0,0,0,0,0,0,0,0,0,0,0,4,1,0,false
/home/yaroslav/Study/LeanSoftwareDevelopment/repository_metrics_with_ck/collected_metrics/stampede/../../stampede/main/src/main/java/com/torodb/stampede/CliConfig.java,com.torodb.stampede.CliConfig,isHelpParam/0,false,203,0,1,1,0,1,0,3,1,0,0,0,0,0,0,0,0,0,0,0,0,0,0,0,0,0,4,1,0,false
/home/yaroslav/Study/LeanSoftwareDevelopment/repository_metrics_with_ck/collected_metrics/stampede/../../stampede/main/src/main/java/com/torodb/stampede/CliConfig.java,com.torodb.stampede.CliConfig,getAuthMode/0,false,306,0,0,0,0,1,0,3,1,0,0,0,0,0,0,0,0,0,0,0,0,0,0,0,0,0,4,1,0,false
/home/yaroslav/Study/LeanSoftwareDevelopment/repository_metrics_with_ck/collected_metrics/stampede/../../stampede/main/src/main/java/com/torodb/stampede/CliConfig.java,com.torodb.stampede.CliConfig,getSslFipsMode/0,false,278,0,0,0,0,1,0,3,1,0,0,0,0,0,0,0,0,0,0,0,0,0,0,0,0,0,6,1,0,false
/home/yaroslav/Study/LeanSoftwareDevelopment/repository_metrics_with_ck/collected_metrics/stampede/../../stampede/main/src/main/java/com/torodb/stampede/CliConfig.java,com.torodb.stampede.CliConfig,getMongopassFile/0,false,318,0,0,0,0,1,0,3,1,0,0,0,0,0,0,0,0,0,0,0,0,0,0,0,0,0,4,1,0,false
/home/yaroslav/Study/LeanSoftwareDevelopment/repository_metrics_with_ck/collected_metrics/stampede/../../stampede/main/src/main/java/com/torodb/stampede/CliConfig.java,com.torodb.stampede.CliConfig,getMetricsEnabled/0,false,242,0,0,0,0,1,0,3,1,0,0,0,0,0,0,0,0,0,0,0,0,0,0,0,0,0,5,1,0,false
/home/yaroslav/Study/LeanSoftwareDevelopment/repository_metrics_with_ck/collected_metrics/stampede/../../stampede/main/src/main/java/com/torodb/stampede/CliConfig.java,com.torodb.stampede.CliConfig,hasConfFile/0,false,183,0,1,1,0,2,0,3,1,0,0,0,0,0,0,1,0,0,0,0,0,0,0,0,0,0,5,1,0,false
/home/yaroslav/Study/LeanSoftwareDevelopment/repository_metrics_with_ck/collected_metrics/stampede/../../stampede/main/src/main/java/com/torodb/stampede/CliConfig.java,com.torodb.stampede.CliConfig,getSslCaFile/0,false,282,0,0,0,0,1,0,3,1,0,0,0,0,0,0,0,0,0,0,0,0,0,0,0,0,0,5,1,0,false
/home/yaroslav/Study/LeanSoftwareDevelopment/repository_metrics_with_ck/collected_metrics/stampede/../../stampede/main/src/main/java/com/torodb/stampede/CliConfig.java,com.torodb.stampede.CliConfig,getConnectionPoolTimeout/0,false,234,0,0,0,0,1,0,3,1,0,0,0,0,0,0,0,0,0,0,0,0,0,0,0,0,0,5,1,0,false
/home/yaroslav/Study/LeanSoftwareDevelopment/repository_metrics_with_ck/collected_metrics/stampede/../../stampede/main/src/main/java/com/torodb/stampede/CliConfig.java,com.torodb.stampede.CliConfig,getSyncSource/0,false,266,0,0,0,0,1,0,3,1,0,0,0,0,0,0,0,0,0,0,0,0,0,0,0,0,0,4,1,0,false
/home/yaroslav/Study/LeanSoftwareDevelopment/repository_metrics_with_ck/collected_metrics/stampede/../../stampede/main/src/main/java/com/torodb/stampede/CliConfig.java,com.torodb.stampede.CliConfig,getXmlConfInputStream/0,false,199,0,1,1,0,1,0,3,1,0,0,0,0,0,0,0,0,0,0,0,0,0,0,0,0,0,8,1,0,false
/home/yaroslav/Study/LeanSoftwareDevelopment/repository_metrics_with_ck/collected_metrics/stampede/../../stampede/main/src/main/java/com/torodb/stampede/CliConfig.java,com.torodb.stampede.CliConfig,getReplSetName/0,false,262,0,0,0,0,1,0,3,1,0,0,0,0,0,0,0,0,0,0,0,0,0,0,0,0,0,5,1,0,false
/home/yaroslav/Study/LeanSoftwareDevelopment/repository_metrics_with_ck/collected_metrics/stampede/../../stampede/main/src/main/java/com/torodb/stampede/CliConfig.java,com.torodb.stampede.CliConfig,getBackend/0,false,222,0,1,1,0,1,0,3,1,0,0,0,0,0,0,0,0,0,0,0,0,0,0,0,0,0,3,1,0,false
/home/yaroslav/Study/LeanSoftwareDevelopment/repository_metrics_with_ck/collected_metrics/stampede/../../stampede/main/src/main/java/com/torodb/stampede/CliConfig.java,com.torodb.stampede.CliConfig,getConfInputStream/0,false,187,0,1,1,0,1,0,3,1,0,0,0,0,0,0,0,0,0,0,0,0,0,0,0,0,0,7,1,0,false
/home/yaroslav/Study/LeanSoftwareDevelopment/repository_metrics_with_ck/collected_metrics/stampede/../../stampede/main/src/main/java/com/torodb/stampede/CliConfig.java,com.torodb.stampede.CliConfig,getLogLevel/0,false,226,0,0,0,0,1,0,3,1,0,0,0,0,0,0,0,0,0,0,0,0,0,0,0,0,0,4,1,0,false
/home/yaroslav/Study/LeanSoftwareDevelopment/repository_metrics_with_ck/collected_metrics/stampede/../../stampede/main/src/main/java/com/torodb/stampede/CliConfig.java,com.torodb.stampede.CliConfig,getSslTrustStoreFile/0,false,286,0,0,0,0,1,0,3,1,0,0,0,0,0,0,0,0,0,0,0,0,0,0,0,0,0,6,1,0,false
/home/yaroslav/Study/LeanSoftwareDevelopment/repository_metrics_with_ck/collected_metrics/stampede/../../stampede/main/src/main/java/com/torodb/stampede/CliConfig.java,com.torodb.stampede.CliConfig,getAuthUser/0,false,310,0,0,0,0,1,0,3,1,0,0,0,0,0,0,0,0,0,0,0,0,0,0,0,0,0,4,1,0,false
/home/yaroslav/Study/LeanSoftwareDevelopment/repository_metrics_with_ck/collected_metrics/stampede/../../stampede/main/src/main/java/com/torodb/stampede/CliConfig.java,com.torodb.stampede.CliConfig,getOffHeapBufferRollCycle/0,false,258,0,0,0,0,1,0,3,1,0,0,0,0,0,0,0,0,0,0,0,0,0,0,0,0,0,7,1,0,false
/home/yaroslav/Study/LeanSoftwareDevelopment/repository_metrics_with_ck/collected_metrics/stampede/../../stampede/main/src/main/java/com/torodb/stampede/CliConfig.java,com.torodb.stampede.CliConfig,isAskForPassword/0,false,207,0,1,1,0,1,0,3,1,0,0,0,0,0,0,0,0,0,0,0,0,0,0,0,0,0,5,1,0,false
/home/yaroslav/Study/LeanSoftwareDevelopment/repository_metrics_with_ck/collected_metrics/stampede/../../stampede/main/src/main/java/com/torodb/stampede/CliConfig.java,com.torodb.stampede.CliConfig,getBackendPort/0,false,326,0,0,0,0,1,0,3,1,0,0,0,0,0,0,0,0,0,0,0,0,0,0,0,0,0,4,1,0,false
/home/yaroslav/Study/LeanSoftwareDevelopment/repository_metrics_with_ck/collected_metrics/stampede/../../stampede/main/src/main/java/com/torodb/stampede/CliConfig.java,com.torodb.stampede.CliConfig,getBackendClass/1[java.lang.String],false,141,0,2,2,0,3,4,10,2,1,1,4,0,0,1,0,0,0,0,0,2,0,2,0,0,0,7,9,0,false
/home/yaroslav/Study/LeanSoftwareDevelopment/repository_metrics_with_ck/collected_metrics/stampede/../../stampede/main/src/main/java/com/torodb/stampede/CliConfig.java,com.torodb.stampede.CliConfig,getOffHeapBufferEnabled/0,false,246,0,0,0,0,1,0,3,1,0,0,0,0,0,0,0,0,0,0,0,0,0,0,0,0,0,7,1,0,false
/home/yaroslav/Study/LeanSoftwareDevelopment/repository_metrics_with_ck/collected_metrics/stampede/../../stampede/main/src/main/java/com/torodb/stampede/CliConfig.java,com.torodb.stampede.CliConfig,isVersion/0,false,154,0,1,1,0,1,0,3,1,0,0,0,0,0,0,0,0,0,0,0,0,0,0,0,0,0,3,1,0,false
/home/yaroslav/Study/LeanSoftwareDevelopment/repository_metrics_with_ck/collected_metrics/stampede/../../stampede/service/src/test/java/com/torodb/stampede/StampedeServiceTest.java,com.torodb.stampede.StampedeServiceTest,createBackendBundle/1[com.torodb.stampede.BundleConfig],false,87,4,0,0,0,1,1,3,1,0,1,1,0,0,0,0,0,0,0,0,0,0,0,0,0,0,8,2,0,false
/home/yaroslav/Study/LeanSoftwareDevelopment/repository_metrics_with_ck/collected_metrics/stampede/../../stampede/service/src/test/java/com/torodb/stampede/StampedeServiceTest.java,com.torodb.stampede.StampedeServiceTest,setUp/0,false,51,3,4,0,4,1,6,3,0,0,0,6,3,1,0,0,0,0,1,1,1,0,0,0,0,0,7,1,0,false
/home/yaroslav/Study/LeanSoftwareDevelopment/repository_metrics_with_ck/collected_metrics/stampede/../../stampede/service/src/test/java/com/torodb/stampede/StampedeServiceTest.java,com.torodb.stampede.StampedeServiceTest,testCreateStampedeService/0,false,63,3,1,0,1,1,1,4,0,1,0,1,0,0,0,0,0,0,0,0,1,0,0,0,0,0,7,1,0,false
/home/yaroslav/Study/LeanSoftwareDevelopment/repository_metrics_with_ck/collected_metrics/stampede/../../stampede/service/src/test/java/com/torodb/stampede/StampedeServiceTest.java,com.torodb.stampede.StampedeServiceTest,createShards/1[int],false,93,2,2,1,1,2,2,18,1,5,1,2,0,0,1,0,0,0,0,1,5,0,1,1,0,0,19,2,0,false
/home/yaroslav/Study/LeanSoftwareDevelopment/repository_metrics_with_ck/collected_metrics/stampede/../../stampede/service/src/test/java/com/torodb/stampede/StampedeServiceTest.java,com.torodb.stampede.StampedeServiceTest,createOffHeapBufferConfig/0,false,124,1,1,1,0,1,0,18,1,1,0,0,0,0,0,0,0,0,0,0,1,0,0,1,0,0,15,2,0,false
/home/yaroslav/Study/LeanSoftwareDevelopment/repository_metrics_with_ck/collected_metrics/stampede/../../stampede/service/src/test/java/com/torodb/stampede/StampedeServiceTest.java,com.torodb.stampede.StampedeServiceTest,testCreateStampedeService_run/0,false,70,4,1,0,1,1,4,7,0,1,0,4,0,0,0,0,0,0,0,0,1,0,0,0,0,0,7,1,0,false
/home/yaroslav/Study/LeanSoftwareDevelopment/repository_metrics_with_ck/collected_metrics/stampede/../../stampede/service/src/test/java/com/torodb/stampede/StampedeServiceTest.java,com.torodb.stampede.StampedeServiceTest,createEssentialInjector/0,false,79,2,1,1,0,1,3,3,1,0,0,3,0,0,0,0,0,0,0,0,0,0,0,0,0,1,4,2,0,false
/home/yaroslav/Study/LeanSoftwareDevelopment/repository_metrics_with_ck/collected_metrics/stampede/../../stampede/main/src/test/java/com/torodb/stampede/config/ConfigTest.java,com.torodb.stampede.config.ConfigTest$Anonymous1,getParams/0,false,107,0,0,0,0,1,1,4,1,1,0,1,0,0,0,0,0,0,1,0,1,1,0,0,0,0,5,1,0,false
/home/yaroslav/Study/LeanSoftwareDevelopment/repository_metrics_with_ck/collected_metrics/stampede/../../stampede/main/src/test/java/com/torodb/stampede/config/ConfigTest.java,com.torodb.stampede.config.ConfigTest$Anonymous2,getParams/0,false,124,0,0,0,0,1,1,4,1,1,0,1,0,0,0,0,0,0,1,0,1,0,0,0,0,0,5,1,0,false
/home/yaroslav/Study/LeanSoftwareDevelopment/repository_metrics_with_ck/collected_metrics/stampede/../../stampede/main/src/main/java/com/torodb/stampede/config/model/Config.java,com.torodb.stampede.config.model.Config,getLogging/0,false,66,1,6,6,0,1,0,3,1,0,0,0,0,0,0,0,0,0,0,0,0,0,0,0,0,0,3,1,0,false
/home/yaroslav/Study/LeanSoftwareDevelopment/repository_metrics_with_ck/collected_metrics/stampede/../../stampede/main/src/main/java/com/torodb/stampede/config/model/Config.java,com.torodb.stampede.config.model.Config,setMetricsEnabled/1[java.lang.Boolean],false,81,0,0,0,0,1,0,3,0,0,1,0,0,0,0,0,0,0,0,0,1,0,0,0,0,0,5,1,0,false
/home/yaroslav/Study/LeanSoftwareDevelopment/repository_metrics_with_ck/collected_metrics/stampede/../../stampede/main/src/main/java/com/torodb/stampede/config/model/Config.java,com.torodb.stampede.config.model.Config,getOffHeapBuffer/0,false,86,1,1,1,0,1,0,3,1,0,0,0,0,0,0,0,0,0,0,0,0,0,0,0,0,0,5,1,0,false
/home/yaroslav/Study/LeanSoftwareDevelopment/repository_metrics_with_ck/collected_metrics/stampede/../../stampede/main/src/main/java/com/torodb/stampede/config/model/Config.java,com.torodb.stampede.config.model.Config,getReplication/0,false,99,3,10,10,0,1,0,3,1,0,0,0,0,0,0,0,0,0,0,0,0,0,0,0,0,0,3,1,0,false
/home/yaroslav/Study/LeanSoftwareDevelopment/repository_metrics_with_ck/collected_metrics/stampede/../../stampede/main/src/main/java/com/torodb/stampede/config/model/Config.java,com.torodb.stampede.config.model.Config,setBackend/1[com.torodb.stampede.config.model.backend.Backend],false,111,1,0,0,0,1,0,3,0,0,1,0,0,0,0,0,0,0,0,0,1,0,0,0,0,0,3,1,0,false
/home/yaroslav/Study/LeanSoftwareDevelopment/repository_metrics_with_ck/collected_metrics/stampede/../../stampede/main/src/main/java/com/torodb/stampede/config/model/Config.java,com.torodb.stampede.config.model.Config,getMetricsEnabled/0,false,77,0,0,0,0,1,0,3,1,0,0,0,0,0,0,0,0,0,0,0,0,0,0,0,0,0,5,1,0,false
/home/yaroslav/Study/LeanSoftwareDevelopment/repository_metrics_with_ck/collected_metrics/stampede/../../stampede/main/src/main/java/com/torodb/stampede/config/model/Config.java,com.torodb.stampede.config.model.Config,setOffHeapBuffer/1[com.torodb.stampede.config.model.cache.OffHeapBuffer],false,90,1,0,0,0,2,0,5,0,0,1,0,0,0,0,1,0,0,0,0,1,0,1,0,0,0,6,1,0,false
/home/yaroslav/Study/LeanSoftwareDevelopment/repository_metrics_with_ck/collected_metrics/stampede/../../stampede/main/src/main/java/com/torodb/stampede/config/model/Config.java,com.torodb.stampede.config.model.Config,setLogging/1[com.torodb.stampede.config.model.logging.Logging],false,70,1,0,0,0,2,0,5,0,0,1,0,0,0,0,1,0,0,0,0,1,0,1,0,0,0,4,1,0,false
/home/yaroslav/Study/LeanSoftwareDevelopment/repository_metrics_with_ck/collected_metrics/stampede/../../stampede/main/src/main/java/com/torodb/stampede/config/model/Config.java,com.torodb.stampede.config.model.Config,getBackend/0,false,107,1,5,5,0,1,0,3,1,0,0,0,0,0,0,0,0,0,0,0,0,0,0,0,0,0,3,1,0,false
/home/yaroslav/Study/LeanSoftwareDevelopment/repository_metrics_with_ck/collected_metrics/stampede/../../stampede/main/src/main/java/com/torodb/stampede/config/model/Config.java,com.torodb.stampede.config.model.Config,setReplication/1[com.torodb.stampede.config.model.mongo.replication.Replication],false,103,1,0,0,0,1,0,3,0,0,1,0,0,0,0,0,0,0,0,0,1,0,0,0,0,0,3,1,0,false
/home/yaroslav/Study/LeanSoftwareDevelopment/repository_metrics_with_ck/collected_metrics/stampede/../../stampede/service/src/main/java/com/torodb/stampede/StampedeConfig.java,com.torodb.stampede.StampedeConfig,"createShardingConfig/6[com.torodb.stampede.Injector,java.util.function.Function<com.torodb.stampede.BundleConfig,com.torodb.stampede.BackendBundle>,com.torodb.stampede.ReplicationFilters,java.util.List<com.torodb.stampede.StampedeConfig.ShardConfigBuilder>,com.torodb.stampede.LoggerFactory,com.torodb.stampede.OffHeapBufferConfig]",false,82,8,3,2,1,1,0,3,1,0,6,0,0,0,0,0,0,0,0,0,0,0,0,0,0,0,8,9,0,false
/home/yaroslav/Study/LeanSoftwareDevelopment/repository_metrics_with_ck/collected_metrics/stampede/../../stampede/service/src/main/java/com/torodb/stampede/StampedeConfig.java,com.torodb.stampede.StampedeConfig,getEssentialInjector/0,false,108,1,2,2,0,1,0,3,1,0,0,0,0,0,0,0,0,0,0,0,0,0,0,0,0,0,4,1,0,false
/home/yaroslav/Study/LeanSoftwareDevelopment/repository_metrics_with_ck/collected_metrics/stampede/../../stampede/service/src/main/java/com/torodb/stampede/StampedeConfig.java,com.torodb.stampede.StampedeConfig,isUnsharded/0,false,116,0,1,1,0,1,0,3,1,0,0,0,0,0,0,0,0,0,0,0,0,0,0,0,0,0,3,1,0,false
/home/yaroslav/Study/LeanSoftwareDevelopment/repository_metrics_with_ck/collected_metrics/stampede/../../stampede/service/src/main/java/com/torodb/stampede/StampedeConfig.java,com.torodb.stampede.StampedeConfig,"StampedeConfig/6[com.torodb.stampede.Injector,java.util.function.Function<com.torodb.stampede.BundleConfig,com.torodb.stampede.BackendBundle>,com.torodb.stampede.ReplicationFilters,java.util.List<com.torodb.stampede.StampedeConfig.ShardConfigBuilder>,com.torodb.stampede.LoggerFactory,com.torodb.stampede.OffHeapBufferConfig]",true,50,7,1,1,0,1,0,9,0,0,6,0,0,0,0,0,0,0,0,0,7,0,0,0,0,0,17,2,0,false
/home/yaroslav/Study/LeanSoftwareDevelopment/repository_metrics_with_ck/collected_metrics/stampede/../../stampede/service/src/main/java/com/torodb/stampede/StampedeConfig.java,com.torodb.stampede.StampedeConfig,getUserReplicationFilters/0,false,131,1,1,1,0,1,0,3,1,0,0,0,0,0,0,0,0,0,0,0,0,0,0,0,0,0,6,1,0,false
/home/yaroslav/Study/LeanSoftwareDevelopment/repository_metrics_with_ck/collected_metrics/stampede/../../stampede/service/src/main/java/com/torodb/stampede/StampedeConfig.java,com.torodb.stampede.StampedeConfig,"createUnshardedConfig/6[com.torodb.stampede.Injector,java.util.function.Function<com.torodb.stampede.BundleConfig,com.torodb.stampede.BackendBundle>,com.torodb.stampede.ReplicationFilters,com.torodb.stampede.StampedeConfig.ShardConfigBuilder,com.torodb.stampede.LoggerFactory,com.torodb.stampede.OffHeapBufferConfig]",false,98,8,2,1,1,1,0,3,1,0,6,0,0,0,0,0,0,0,0,0,0,0,0,0,0,0,8,9,0,false
/home/yaroslav/Study/LeanSoftwareDevelopment/repository_metrics_with_ck/collected_metrics/stampede/../../stampede/service/src/main/java/com/torodb/stampede/StampedeConfig.java,com.torodb.stampede.StampedeConfig,"StampedeConfig/6[com.torodb.stampede.Injector,java.util.function.Function<com.torodb.stampede.BundleConfig,com.torodb.stampede.BackendBundle>,com.torodb.stampede.ReplicationFilters,com.torodb.stampede.StampedeConfig.ShardConfigBuilder,com.torodb.stampede.LoggerFactory,com.torodb.stampede.OffHeapBufferConfig]",true,66,7,1,1,0,1,1,9,0,0,6,1,0,0,0,0,0,0,0,0,7,0,0,0,0,0,17,2,0,false
/home/yaroslav/Study/LeanSoftwareDevelopment/repository_metrics_with_ck/collected_metrics/stampede/../../stampede/service/src/main/java/com/torodb/stampede/StampedeConfig.java,com.torodb.stampede.StampedeConfig,getThreadFactory/0,false,112,1,2,1,1,1,2,3,1,0,0,2,1,1,0,0,0,0,0,0,0,0,0,0,0,0,5,1,0,false
/home/yaroslav/Study/LeanSoftwareDevelopment/repository_metrics_with_ck/collected_metrics/stampede/../../stampede/service/src/main/java/com/torodb/stampede/StampedeConfig.java,com.torodb.stampede.StampedeConfig,getLifecycleLoggerFactory/0,false,139,1,2,2,0,1,0,3,1,0,0,0,0,0,0,0,0,0,0,0,0,0,0,0,0,0,5,1,0,false
/home/yaroslav/Study/LeanSoftwareDevelopment/repository_metrics_with_ck/collected_metrics/stampede/../../stampede/service/src/main/java/com/torodb/stampede/StampedeConfig.java,com.torodb.stampede.StampedeConfig,getBackendBundleGenerator/0,false,127,2,1,1,0,1,0,3,1,0,0,0,0,0,0,0,0,0,0,0,0,0,0,0,0,0,36,1,0,true
/home/yaroslav/Study/LeanSoftwareDevelopment/repository_metrics_with_ck/collected_metrics/stampede/../../stampede/service/src/main/java/com/torodb/stampede/StampedeConfig.java,com.torodb.stampede.StampedeConfig,getShardConfigBuilders/0,false,135,1,2,2,0,1,1,3,1,0,0,1,0,0,0,0,0,0,0,0,0,0,0,0,0,0,5,1,0,false
/home/yaroslav/Study/LeanSoftwareDevelopment/repository_metrics_with_ck/collected_metrics/stampede/../../stampede/service/src/main/java/com/torodb/stampede/StampedeConfig.java,com.torodb.stampede.StampedeConfig,getOffHeapBufferConfig/0,false,143,1,1,1,0,1,0,3,1,0,0,0,0,0,0,0,0,0,0,0,0,0,0,0,0,0,6,1,0,false
/home/yaroslav/Study/LeanSoftwareDevelopment/repository_metrics_with_ck/collected_metrics/stampede/../../stampede/main/src/test/java/com/torodb/stampede/config/ConfigTest.java,com.torodb.stampede.config.ConfigTest$Anonymous3,getParams/0,false,144,0,0,0,0,1,2,4,1,1,0,2,0,0,0,0,0,0,2,0,1,1,0,0,0,0,7,1,0,false
/home/yaroslav/Study/LeanSoftwareDevelopment/repository_metrics_with_ck/collected_metrics/stampede/../../stampede/main/src/main/java/com/torodb/stampede/Main.java,com.torodb.stampede.Main,"configureLogger/2[com.torodb.stampede.CliConfig,com.torodb.stampede.config.model.Config]",false,341,3,6,1,5,5,9,14,0,0,2,9,0,0,0,4,0,0,0,0,0,0,1,0,0,0,6,10,0,false
/home/yaroslav/Study/LeanSoftwareDevelopment/repository_metrics_with_ck/collected_metrics/stampede/../../stampede/main/src/main/java/com/torodb/stampede/Main.java,com.torodb.stampede.Main,createUnshardedShardBuilder/1[com.torodb.stampede.config.model.mongo.replication.Replication],false,412,3,2,1,1,1,1,3,1,0,1,1,1,1,0,0,0,0,1,0,0,0,0,0,0,1,8,10,0,false
/home/yaroslav/Study/LeanSoftwareDevelopment/repository_metrics_with_ck/collected_metrics/stampede/../../stampede/main/src/main/java/com/torodb/stampede/Main.java,com.torodb.stampede.Main,parseToropassFile/1[com.torodb.stampede.config.model.Config],false,382,4,3,1,2,1,3,15,0,1,1,3,0,0,0,0,0,0,0,0,1,0,0,1,0,0,18,10,0,false
/home/yaroslav/Study/LeanSoftwareDevelopment/repository_metrics_with_ck/collected_metrics/stampede/../../stampede/main/src/main/java/com/torodb/stampede/Main.java,com.torodb.stampede.Main,createStampedeConfig/1[com.torodb.stampede.config.model.Config],false,298,12,8,1,7,2,12,15,2,8,1,12,2,2,0,0,0,0,1,0,7,0,1,0,0,1,24,10,0,false
/home/yaroslav/Study/LeanSoftwareDevelopment/repository_metrics_with_ck/collected_metrics/stampede/../../stampede/main/src/main/java/com/torodb/stampede/Main.java,com.torodb.stampede.Main,readPwd/0,false,361,2,1,1,0,3,5,21,3,6,0,5,0,0,0,1,0,0,0,4,6,0,2,0,0,0,17,10,0,false
/home/yaroslav/Study/LeanSoftwareDevelopment/repository_metrics_with_ck/collected_metrics/stampede/../../stampede/main/src/main/java/com/torodb/stampede/Main.java,com.torodb.stampede.Main,"translateShardConfig/2[com.torodb.stampede.AbstractShardReplication,java.util.function.Supplier<java.lang.String>]",false,436,4,3,2,1,1,2,13,1,2,2,2,0,0,0,0,0,0,0,0,2,0,0,1,0,0,21,10,0,false
/home/yaroslav/Study/LeanSoftwareDevelopment/repository_metrics_with_ck/collected_metrics/stampede/../../stampede/main/src/main/java/com/torodb/stampede/Main.java,com.torodb.stampede.Main,"mapShardReplication/3[com.torodb.stampede.config.model.mongo.replication.Replication,com.torodb.stampede.config.model.mongo.replication.ShardReplication,java.util.concurrent.atomic.AtomicInteger]",false,418,4,3,0,3,1,3,5,1,2,3,3,2,1,0,0,0,0,0,0,2,0,0,0,0,1,12,10,0,false
/home/yaroslav/Study/LeanSoftwareDevelopment/repository_metrics_with_ck/collected_metrics/stampede/../../stampede/main/src/main/java/com/torodb/stampede/Main.java,com.torodb.stampede.Main,"getShardId/2[com.torodb.stampede.config.model.mongo.replication.ShardReplication,java.util.concurrent.atomic.AtomicInteger]",false,426,1,1,1,0,3,4,8,2,0,2,4,0,0,0,1,0,0,1,0,0,1,1,0,0,0,6,10,0,false
/home/yaroslav/Study/LeanSoftwareDevelopment/repository_metrics_with_ck/collected_metrics/stampede/../../stampede/main/src/main/java/com/torodb/stampede/Main.java,com.torodb.stampede.Main,createShardConfigBuilders/1[com.torodb.stampede.config.model.mongo.replication.Replication],false,401,2,1,1,0,1,7,5,1,2,1,7,0,0,0,0,0,0,0,0,1,0,0,0,0,1,13,10,0,false
/home/yaroslav/Study/LeanSoftwareDevelopment/repository_metrics_with_ck/collected_metrics/stampede/../../stampede/main/src/main/java/com/torodb/stampede/Main.java,com.torodb.stampede.Main,main/1[java.lang.String[]],false,92,17,22,0,22,23,77,146,0,18,1,77,4,3,3,7,2,0,28,13,17,4,4,2,0,3,128,9,3,true
/home/yaroslav/Study/LeanSoftwareDevelopment/repository_metrics_with_ck/collected_metrics/stampede/../../stampede/service/src/main/java/com/torodb/stampede/ShardConsistencyHandler.java,com.torodb.stampede.ShardConsistencyHandler,getConsistencyKey/0,false,40,1,0,0,0,1,0,3,1,0,0,0,0,0,0,0,0,0,0,0,0,0,0,0,0,0,6,1,0,false
/home/yaroslav/Study/LeanSoftwareDevelopment/repository_metrics_with_ck/collected_metrics/stampede/../../stampede/service/src/main/java/com/torodb/stampede/ShardConsistencyHandler.java,com.torodb.stampede.ShardConsistencyHandler,"ShardConsistencyHandler/4[java.lang.String,com.torodb.stampede.BackendService,com.torodb.stampede.Retrier,java.util.concurrent.ThreadFactory]",true,34,2,0,0,0,1,0,4,0,0,4,0,0,0,0,0,0,0,1,0,1,1,0,0,0,1,7,0,0,false
/home/yaroslav/Study/LeanSoftwareDevelopment/repository_metrics_with_ck/collected_metrics/stampede/../../stampede/main/src/test/java/com/torodb/stampede/config/ConfigTest.java,com.torodb.stampede.config.ConfigTest$Anonymous4,getParams/0,false,167,0,0,0,0,1,1,4,1,1,0,1,0,0,0,0,0,0,1,0,1,0,0,0,0,0,6,1,0,false
/home/yaroslav/Study/LeanSoftwareDevelopment/repository_metrics_with_ck/collected_metrics/stampede/../../stampede/main/src/test/java/com/torodb/stampede/config/ConfigTest.java,com.torodb.stampede.config.ConfigTest$Anonymous5,getParams/0,false,181,0,0,0,0,1,1,4,1,1,0,1,0,0,0,0,0,0,1,0,1,0,0,0,0,0,5,1,0,false
/home/yaroslav/Study/LeanSoftwareDevelopment/repository_metrics_with_ck/collected_metrics/stampede/../../stampede/main/src/test/java/com/torodb/stampede/config/ConfigTest.java,com.torodb.stampede.config.ConfigTest$Anonymous6,getConfInputStream/0,false,200,1,0,0,0,1,1,3,1,0,0,1,0,0,0,0,0,0,1,0,0,0,0,0,0,0,8,1,0,false
/home/yaroslav/Study/LeanSoftwareDevelopment/repository_metrics_with_ck/collected_metrics/stampede/../../stampede/main/src/test/java/com/torodb/stampede/config/ConfigTest.java,com.torodb.stampede.config.ConfigTest$Anonymous6,hasConfFile/0,false,195,0,0,0,0,1,0,3,1,0,0,0,0,0,0,0,0,0,0,0,0,0,0,0,0,0,4,1,0,false
/home/yaroslav/Study/LeanSoftwareDevelopment/repository_metrics_with_ck/collected_metrics/stampede/../../stampede/main/src/test/java/com/torodb/stampede/config/ConfigTest.java,com.torodb.stampede.config.ConfigTest$Anonymous7,getConfInputStream/0,false,216,1,0,0,0,1,1,3,1,0,0,1,0,0,0,0,0,0,1,0,0,0,0,0,0,0,8,1,0,false
/home/yaroslav/Study/LeanSoftwareDevelopment/repository_metrics_with_ck/collected_metrics/stampede/../../stampede/main/src/test/java/com/torodb/stampede/config/ConfigTest.java,com.torodb.stampede.config.ConfigTest$Anonymous7,hasConfFile/0,false,211,0,0,0,0,1,0,3,1,0,0,0,0,0,0,0,0,0,0,0,0,0,0,0,0,0,4,1,0,false
/home/yaroslav/Study/LeanSoftwareDevelopment/repository_metrics_with_ck/collected_metrics/stampede/../../stampede/main/src/test/java/com/torodb/stampede/config/ConfigTest.java,com.torodb.stampede.config.ConfigTest$Anonymous8,getConfInputStream/0,false,232,1,0,0,0,1,1,3,1,0,0,1,0,0,0,0,0,0,1,0,0,0,0,0,0,0,7,1,0,false
/home/yaroslav/Study/LeanSoftwareDevelopment/repository_metrics_with_ck/collected_metrics/stampede/../../stampede/main/src/test/java/com/torodb/stampede/config/ConfigTest.java,com.torodb.stampede.config.ConfigTest$Anonymous8,hasConfFile/0,false,227,0,0,0,0,1,0,3,1,0,0,0,0,0,0,0,0,0,0,0,0,0,0,0,0,0,4,1,0,false
/home/yaroslav/Study/LeanSoftwareDevelopment/repository_metrics_with_ck/collected_metrics/stampede/../../stampede/main/src/test/java/com/torodb/stampede/config/ConfigTest.java,com.torodb.stampede.config.ConfigTest$Anonymous9,hasConfFile/0,false,283,0,0,0,0,1,0,3,1,0,0,0,0,0,0,0,0,0,0,0,0,0,0,0,0,0,4,1,0,false
/home/yaroslav/Study/LeanSoftwareDevelopment/repository_metrics_with_ck/collected_metrics/stampede/../../stampede/main/src/test/java/com/torodb/stampede/config/ConfigTest.java,com.torodb.stampede.config.ConfigTest$Anonymous9,getConfInputStream/0,false,288,1,0,0,0,1,1,3,1,0,0,1,0,0,0,0,0,0,1,0,0,0,0,0,0,0,9,1,0,false
/home/yaroslav/Study/LeanSoftwareDevelopment/repository_metrics_with_ck/collected_metrics/stampede/../../stampede/main/src/main/java/com/torodb/stampede/config/jackson/BackendSerializer.java,com.torodb.stampede.config.jackson.BackendSerializer,BackendSerializer/0,true,26,0,0,0,0,1,2,3,0,1,0,2,0,0,0,0,0,0,1,0,0,0,0,0,0,1,3,1,0,false
/home/yaroslav/Study/LeanSoftwareDevelopment/repository_metrics_with_ck/collected_metrics/stampede/../../stampede/service/src/main/java/com/torodb/stampede/StampedeService.java,com.torodb.stampede.StampedeService,startBundle/1[com.torodb.stampede.Bundle<?>],false,212,1,1,1,0,1,3,5,0,0,1,3,0,0,0,0,0,0,0,0,0,0,0,0,0,0,3,2,0,false
/home/yaroslav/Study/LeanSoftwareDevelopment/repository_metrics_with_ck/collected_metrics/stampede/../../stampede/service/src/main/java/com/torodb/stampede/StampedeService.java,com.torodb.stampede.StampedeService,"addShard/3[com.torodb.stampede.MongoDbShardingConfigBuilder,com.torodb.stampede.StampedeConfig.ShardConfigBuilder,java.util.Map<java.lang.String,com.torodb.stampede.ConsistencyHandler>]",false,195,4,3,1,2,1,4,5,0,2,3,4,0,0,0,0,0,0,0,0,2,0,0,0,0,0,12,2,0,false
/home/yaroslav/Study/LeanSoftwareDevelopment/repository_metrics_with_ck/collected_metrics/stampede/../../stampede/service/src/main/java/com/torodb/stampede/StampedeService.java,com.torodb.stampede.StampedeService,startUp/0,false,92,6,7,0,7,1,11,14,0,4,0,11,5,3,0,0,0,0,2,0,4,0,0,0,0,0,27,4,2,false
/home/yaroslav/Study/LeanSoftwareDevelopment/repository_metrics_with_ck/collected_metrics/stampede/../../stampede/service/src/main/java/com/torodb/stampede/StampedeService.java,com.torodb.stampede.StampedeService,shutDown/0,false,119,0,0,0,0,2,3,8,0,0,0,3,0,0,0,1,0,0,2,0,0,0,1,0,0,0,13,4,2,false
/home/yaroslav/Study/LeanSoftwareDevelopment/repository_metrics_with_ck/collected_metrics/stampede/../../stampede/service/src/main/java/com/torodb/stampede/StampedeService.java,com.torodb.stampede.StampedeService,"createShardingBundle/2[com.torodb.stampede.TorodBundle,java.util.Map<java.lang.String,com.torodb.stampede.ConsistencyHandler>]",false,171,6,7,1,6,2,14,12,1,2,2,14,1,1,0,0,0,0,0,0,2,0,1,0,0,1,17,2,0,false
/home/yaroslav/Study/LeanSoftwareDevelopment/repository_metrics_with_ck/collected_metrics/stampede/../../stampede/service/src/main/java/com/torodb/stampede/StampedeService.java,com.torodb.stampede.StampedeService,dropUserData/1[com.torodb.stampede.BackendBundle],false,205,2,1,1,0,1,4,6,0,2,1,4,0,0,0,0,1,0,0,0,2,0,1,0,0,0,13,2,0,false
/home/yaroslav/Study/LeanSoftwareDevelopment/repository_metrics_with_ck/collected_metrics/stampede/../../stampede/service/src/main/java/com/torodb/stampede/StampedeService.java,com.torodb.stampede.StampedeService,StampedeService/1[com.torodb.stampede.StampedeConfig],true,66,3,5,3,2,1,5,8,0,0,1,5,0,0,0,0,0,0,0,0,6,0,0,0,0,0,6,1,0,false
/home/yaroslav/Study/LeanSoftwareDevelopment/repository_metrics_with_ck/collected_metrics/stampede/../../stampede/service/src/main/java/com/torodb/stampede/StampedeService.java,com.torodb.stampede.StampedeService,"onError/2[java.lang.Object,java.lang.Throwable]",false,85,1,0,0,0,1,2,5,1,0,2,2,0,0,0,0,0,0,2,0,0,1,0,0,0,0,13,1,1,false
/home/yaroslav/Study/LeanSoftwareDevelopment/repository_metrics_with_ck/collected_metrics/stampede/../../stampede/service/src/main/java/com/torodb/stampede/StampedeService.java,com.torodb.stampede.StampedeService,"resolveInconsistencies/2[com.torodb.stampede.BackendBundle,java.util.Map<java.lang.String,com.torodb.stampede.ConsistencyHandler>]",false,221,5,2,1,1,3,16,17,0,5,2,16,1,1,1,0,0,0,5,0,4,1,2,0,0,1,33,2,3,false
/home/yaroslav/Study/LeanSoftwareDevelopment/repository_metrics_with_ck/collected_metrics/stampede/../../stampede/service/src/main/java/com/torodb/stampede/StampedeService.java,com.torodb.stampede.StampedeService,createTorodBundle/1[com.torodb.stampede.BackendBundle],false,162,4,1,1,0,1,0,3,1,0,1,0,0,0,0,0,0,0,0,0,0,0,0,0,0,0,7,2,0,false
/home/yaroslav/Study/LeanSoftwareDevelopment/repository_metrics_with_ck/collected_metrics/stampede/../../stampede/service/src/main/java/com/torodb/stampede/StampedeService.java,com.torodb.stampede.StampedeService,executor/0,false,77,0,0,0,0,1,2,7,1,1,0,2,0,0,0,0,0,0,0,0,1,0,1,0,0,1,6,4,0,false
/home/yaroslav/Study/LeanSoftwareDevelopment/repository_metrics_with_ck/collected_metrics/stampede/../../stampede/service/src/main/java/com/torodb/stampede/StampedeService.java,com.torodb.stampede.StampedeService,"createConsistencyHandlers/2[com.torodb.stampede.BackendBundle,java.util.concurrent.ThreadFactory]",false,129,7,2,1,1,2,12,20,1,8,2,12,0,0,0,1,0,0,0,1,6,0,1,0,0,3,20,2,0,false
/home/yaroslav/Study/LeanSoftwareDevelopment/repository_metrics_with_ck/collected_metrics/stampede/../../stampede/service/src/main/java/com/torodb/stampede/AbstractConsistencyHandler.java,com.torodb.stampede.AbstractConsistencyHandler,"AbstractConsistencyHandler/3[com.torodb.stampede.BackendService,com.torodb.stampede.Retrier,java.util.concurrent.ThreadFactory]",true,48,2,0,0,0,1,0,5,0,0,3,0,0,0,0,0,0,0,0,0,2,0,0,0,0,0,9,1,0,false
/home/yaroslav/Study/LeanSoftwareDevelopment/repository_metrics_with_ck/collected_metrics/stampede/../../stampede/service/src/main/java/com/torodb/stampede/AbstractConsistencyHandler.java,com.torodb.stampede.AbstractConsistencyHandler,startUp/0,false,57,1,1,0,1,1,1,3,0,0,0,1,1,2,0,0,0,0,0,0,0,0,0,0,0,0,5,4,0,false
/home/yaroslav/Study/LeanSoftwareDevelopment/repository_metrics_with_ck/collected_metrics/stampede/../../stampede/service/src/main/java/com/torodb/stampede/AbstractConsistencyHandler.java,com.torodb.stampede.AbstractConsistencyHandler,"setConsistent/2[com.torodb.stampede.Logger,boolean]",false,72,2,1,0,1,1,4,6,0,0,2,4,1,1,0,0,0,0,3,0,1,1,0,0,0,0,20,1,1,false
/home/yaroslav/Study/LeanSoftwareDevelopment/repository_metrics_with_ck/collected_metrics/stampede/../../stampede/service/src/main/java/com/torodb/stampede/AbstractConsistencyHandler.java,com.torodb.stampede.AbstractConsistencyHandler,getConsistencyKey/0,false,54,1,1,1,0,1,0,1,0,0,0,0,0,0,0,0,0,0,0,0,0,0,0,0,0,0,5,1025,0,false
/home/yaroslav/Study/LeanSoftwareDevelopment/repository_metrics_with_ck/collected_metrics/stampede/../../stampede/service/src/main/java/com/torodb/stampede/AbstractConsistencyHandler.java,com.torodb.stampede.AbstractConsistencyHandler,shutDown/0,false,62,0,0,0,0,1,0,2,0,0,0,0,0,0,0,0,0,0,0,0,0,0,0,0,0,0,3,4,0,false
/home/yaroslav/Study/LeanSoftwareDevelopment/repository_metrics_with_ck/collected_metrics/stampede/../../stampede/service/src/main/java/com/torodb/stampede/AbstractConsistencyHandler.java,com.torodb.stampede.AbstractConsistencyHandler,isConsistent/0,false,66,0,0,0,0,1,2,4,1,0,0,2,0,0,0,0,0,0,1,0,0,0,0,0,0,0,8,1,0,false
/home/yaroslav/Study/LeanSoftwareDevelopment/repository_metrics_with_ck/collected_metrics/stampede/../../stampede/service/src/main/java/com/torodb/stampede/AbstractConsistencyHandler.java,com.torodb.stampede.AbstractConsistencyHandler,flushConsistentState/0,false,96,1,1,1,0,2,6,13,1,1,0,6,0,0,0,0,1,0,0,0,1,0,2,0,0,1,19,2,0,false
/home/yaroslav/Study/LeanSoftwareDevelopment/repository_metrics_with_ck/collected_metrics/stampede/../../stampede/service/src/main/java/com/torodb/stampede/AbstractConsistencyHandler.java,com.torodb.stampede.AbstractConsistencyHandler,loadConsistent/0,false,79,3,2,1,1,3,8,14,1,3,0,8,1,1,0,0,1,1,4,0,5,2,2,0,0,0,22,2,0,false
/home/yaroslav/Study/LeanSoftwareDevelopment/repository_metrics_with_ck/collected_metrics/stampede/../../stampede/service/src/main/java/com/torodb/stampede/StampedeConfig.java,com.torodb.stampede.StampedeConfig$ShardConfigBuilder,getShardId/0,false,149,0,1,1,0,1,0,1,0,0,0,0,0,0,0,0,0,0,0,0,0,0,0,0,0,0,3,0,0,false
/home/yaroslav/Study/LeanSoftwareDevelopment/repository_metrics_with_ck/collected_metrics/stampede/../../stampede/service/src/main/java/com/torodb/stampede/StampedeConfig.java,com.torodb.stampede.StampedeConfig$ShardConfigBuilder,createConfig/1[com.torodb.stampede.ConsistencyHandler],false,151,2,1,1,0,1,0,1,0,0,1,0,0,0,0,0,0,0,0,0,0,0,0,0,0,0,5,0,0,false
/home/yaroslav/Study/LeanSoftwareDevelopment/repository_metrics_with_ck/collected_metrics/stampede/../../stampede/main/src/main/java/com/torodb/stampede/config/model/backend/postgres/Postgres.java,com.torodb.stampede.config.model.backend.postgres.Postgres,getHost/0,false,57,4,0,0,0,1,1,3,1,0,0,1,0,0,0,0,0,0,1,0,0,0,0,0,0,0,4,1,0,false
/home/yaroslav/Study/LeanSoftwareDevelopment/repository_metrics_with_ck/collected_metrics/stampede/../../stampede/main/src/main/java/com/torodb/stampede/config/model/backend/postgres/Postgres.java,com.torodb.stampede.config.model.backend.postgres.Postgres,getApplicationName/0,false,104,3,0,0,0,1,1,3,1,0,0,1,0,0,0,0,0,0,1,0,0,0,0,0,0,0,5,1,0,false
/home/yaroslav/Study/LeanSoftwareDevelopment/repository_metrics_with_ck/collected_metrics/stampede/../../stampede/main/src/main/java/com/torodb/stampede/config/model/backend/postgres/Postgres.java,com.torodb.stampede.config.model.backend.postgres.Postgres,getToropassFile/0,false,96,3,0,0,0,1,1,3,1,0,0,1,0,0,0,0,0,0,1,0,0,0,0,0,0,0,5,1,0,false
/home/yaroslav/Study/LeanSoftwareDevelopment/repository_metrics_with_ck/collected_metrics/stampede/../../stampede/main/src/main/java/com/torodb/stampede/config/model/backend/postgres/Postgres.java,com.torodb.stampede.config.model.backend.postgres.Postgres,getPort/0,false,66,4,0,0,0,1,1,3,1,0,0,1,0,0,0,0,0,0,1,0,0,0,0,0,0,0,5,1,0,false
/home/yaroslav/Study/LeanSoftwareDevelopment/repository_metrics_with_ck/collected_metrics/stampede/../../stampede/main/src/main/java/com/torodb/stampede/config/model/backend/postgres/Postgres.java,com.torodb.stampede.config.model.backend.postgres.Postgres,getUser/0,false,82,3,0,0,0,1,1,3,1,0,0,1,0,0,0,0,0,0,1,0,0,0,0,0,0,0,4,1,0,false
/home/yaroslav/Study/LeanSoftwareDevelopment/repository_metrics_with_ck/collected_metrics/stampede/../../stampede/main/src/main/java/com/torodb/stampede/config/model/backend/postgres/Postgres.java,com.torodb.stampede.config.model.backend.postgres.Postgres,getPassword/0,false,88,1,0,0,0,1,1,3,1,0,0,1,0,0,0,0,0,0,0,0,0,0,0,0,0,0,2,1,0,false
/home/yaroslav/Study/LeanSoftwareDevelopment/repository_metrics_with_ck/collected_metrics/stampede/../../stampede/main/src/main/java/com/torodb/stampede/config/model/backend/postgres/Postgres.java,com.torodb.stampede.config.model.backend.postgres.Postgres,getIncludeForeignKeys/0,false,110,1,0,0,0,1,1,3,1,0,0,1,0,0,0,0,0,0,0,0,0,0,0,0,0,0,5,1,0,false
/home/yaroslav/Study/LeanSoftwareDevelopment/repository_metrics_with_ck/collected_metrics/stampede/../../stampede/main/src/main/java/com/torodb/stampede/config/model/backend/postgres/Postgres.java,com.torodb.stampede.config.model.backend.postgres.Postgres,Postgres/0,true,38,0,1,1,0,1,1,3,0,0,0,1,0,0,0,0,0,0,5,1,0,0,0,0,0,0,1,1,0,false
/home/yaroslav/Study/LeanSoftwareDevelopment/repository_metrics_with_ck/collected_metrics/stampede/../../stampede/main/src/main/java/com/torodb/stampede/config/model/backend/postgres/Postgres.java,com.torodb.stampede.config.model.backend.postgres.Postgres,getDatabase/0,false,74,3,0,0,0,1,1,3,1,0,0,1,0,0,0,0,0,0,1,0,0,0,0,0,0,0,4,1,0,false
/home/yaroslav/Study/LeanSoftwareDevelopment/repository_metrics_with_ck/collected_metrics/stampede/../../stampede/main/src/main/java/com/torodb/stampede/config/model/backend/postgres/Postgres.java,com.torodb.stampede.config.model.backend.postgres.Postgres,getSsl/0,false,118,3,0,0,0,1,1,3,1,0,0,1,0,0,0,0,0,0,1,0,0,0,0,0,0,0,5,1,0,false
/home/yaroslav/Study/LeanSoftwareDevelopment/repository_metrics_with_ck/collected_metrics/stampede/../../stampede/main/src/test/java/com/torodb/stampede/config/ByteArrayConsole.java,com.torodb.stampede.config.ByteArrayConsole,println/1[java.lang.String],false,45,0,0,0,0,1,1,3,0,0,1,1,0,0,0,0,0,0,0,0,0,0,0,0,0,0,2,1,0,false
/home/yaroslav/Study/LeanSoftwareDevelopment/repository_metrics_with_ck/collected_metrics/stampede/../../stampede/main/src/test/java/com/torodb/stampede/config/ByteArrayConsole.java,com.torodb.stampede.config.ByteArrayConsole,ByteArrayConsole/0,true,30,0,5,5,0,1,0,4,0,0,0,0,0,0,0,0,0,0,0,0,2,0,0,0,0,0,8,1,0,false
/home/yaroslav/Study/LeanSoftwareDevelopment/repository_metrics_with_ck/collected_metrics/stampede/../../stampede/main/src/test/java/com/torodb/stampede/config/ByteArrayConsole.java,com.torodb.stampede.config.ByteArrayConsole,readPassword/1[boolean],false,40,1,0,0,0,1,0,3,1,0,1,0,0,0,0,0,0,0,0,0,0,0,0,0,0,0,5,1,0,false
/home/yaroslav/Study/LeanSoftwareDevelopment/repository_metrics_with_ck/collected_metrics/stampede/../../stampede/main/src/test/java/com/torodb/stampede/config/ByteArrayConsole.java,com.torodb.stampede.config.ByteArrayConsole,getByteArrayOutputStream/0,false,35,0,4,4,0,1,0,3,1,0,0,0,0,0,0,0,0,0,0,0,0,0,0,0,0,0,6,1,0,false
/home/yaroslav/Study/LeanSoftwareDevelopment/repository_metrics_with_ck/collected_metrics/stampede/../../stampede/main/src/test/java/com/torodb/stampede/config/ByteArrayConsole.java,com.torodb.stampede.config.ByteArrayConsole,print/1[java.lang.String],false,50,0,0,0,0,1,1,3,0,0,1,1,0,0,0,0,0,0,0,0,0,0,0,0,0,0,2,1,0,false
/home/yaroslav/Study/LeanSoftwareDevelopment/repository_metrics_with_ck/collected_metrics/stampede/../../stampede/main/src/main/java/com/torodb/stampede/CliConfig.java,com.torodb.stampede.CliConfig$ParamListValueValidator,"validate/2[java.lang.String,java.util.List<java.lang.String>]",false,451,1,0,0,0,3,1,7,0,0,2,1,0,0,1,1,0,0,1,1,0,1,2,0,0,0,6,1,0,false
/home/yaroslav/Study/LeanSoftwareDevelopment/repository_metrics_with_ck/collected_metrics/stampede/../../stampede/main/src/main/java/com/torodb/stampede/config/model/logging/Logging.java,com.torodb.stampede.config.model.logging.Logging,getFile/0,false,56,0,3,3,0,1,0,3,1,0,0,0,0,0,0,0,0,0,0,0,0,0,0,0,0,0,3,1,0,false
/home/yaroslav/Study/LeanSoftwareDevelopment/repository_metrics_with_ck/collected_metrics/stampede/../../stampede/main/src/main/java/com/torodb/stampede/config/model/logging/Logging.java,com.torodb.stampede.config.model.logging.Logging,getLevel/0,false,40,1,3,3,0,1,0,3,1,0,0,0,0,0,0,0,0,0,0,0,0,0,0,0,0,0,4,1,0,false
/home/yaroslav/Study/LeanSoftwareDevelopment/repository_metrics_with_ck/collected_metrics/stampede/../../stampede/main/src/main/java/com/torodb/stampede/config/model/logging/Logging.java,com.torodb.stampede.config.model.logging.Logging,setLevel/1[com.torodb.stampede.config.model.logging.LogLevel],false,44,1,0,0,0,1,0,3,0,0,1,0,0,0,0,0,0,0,0,0,1,0,0,0,0,0,4,1,0,false
/home/yaroslav/Study/LeanSoftwareDevelopment/repository_metrics_with_ck/collected_metrics/stampede/../../stampede/main/src/main/java/com/torodb/stampede/config/model/logging/Logging.java,com.torodb.stampede.config.model.logging.Logging,getLog4j2File/0,false,64,0,1,1,0,1,0,3,1,0,0,0,0,0,0,0,0,0,0,0,0,0,0,0,0,0,4,1,0,false
/home/yaroslav/Study/LeanSoftwareDevelopment/repository_metrics_with_ck/collected_metrics/stampede/../../stampede/main/src/main/java/com/torodb/stampede/config/model/logging/Logging.java,com.torodb.stampede.config.model.logging.Logging,setLog4j2File/1[java.lang.String],false,68,0,0,0,0,1,0,3,0,0,1,0,0,0,0,0,0,0,0,0,1,0,0,0,0,0,4,1,0,false
/home/yaroslav/Study/LeanSoftwareDevelopment/repository_metrics_with_ck/collected_metrics/stampede/../../stampede/main/src/main/java/com/torodb/stampede/config/model/logging/Logging.java,com.torodb.stampede.config.model.logging.Logging,setPackages/1[com.torodb.stampede.config.model.logging.LogPackages],false,52,1,0,0,0,1,0,3,0,0,1,0,0,0,0,0,0,0,0,0,1,0,0,0,0,0,4,1,0,false
/home/yaroslav/Study/LeanSoftwareDevelopment/repository_metrics_with_ck/collected_metrics/stampede/../../stampede/main/src/main/java/com/torodb/stampede/config/model/logging/Logging.java,com.torodb.stampede.config.model.logging.Logging,getPackages/0,false,48,1,4,4,0,1,0,3,1,0,0,0,0,0,0,0,0,0,0,0,0,0,0,0,0,0,4,1,0,false
/home/yaroslav/Study/LeanSoftwareDevelopment/repository_metrics_with_ck/collected_metrics/stampede/../../stampede/main/src/main/java/com/torodb/stampede/config/model/logging/Logging.java,com.torodb.stampede.config.model.logging.Logging,setFile/1[java.lang.String],false,60,0,0,0,0,1,0,3,0,0,1,0,0,0,0,0,0,0,0,0,1,0,0,0,0,0,3,1,0,false
/home/yaroslav/Study/LeanSoftwareDevelopment/repository_metrics_with_ck/collected_metrics/stampede/../../stampede/main/src/main/java/com/torodb/stampede/Main.java,com.torodb.stampede.Main$Anonymous4,getShardId/0,false,443,0,1,1,0,1,0,3,1,0,0,0,0,0,0,0,0,0,0,0,0,0,0,0,0,0,4,1,0,false
/home/yaroslav/Study/LeanSoftwareDevelopment/repository_metrics_with_ck/collected_metrics/stampede/../../stampede/main/src/main/java/com/torodb/stampede/Main.java,com.torodb.stampede.Main$Anonymous4,createConfig/1[com.torodb.stampede.ConsistencyHandler],false,449,4,1,0,1,1,9,3,1,1,1,9,1,1,0,0,0,0,0,0,0,0,0,0,0,1,10,1,0,false
/home/yaroslav/Study/LeanSoftwareDevelopment/repository_metrics_with_ck/collected_metrics/stampede/../../stampede/main/src/main/java/com/torodb/stampede/Main.java,com.torodb.stampede.Main$Anonymous2,"uncaughtException/2[java.lang.Thread,java.lang.Throwable]",false,256,1,0,0,0,2,3,10,0,0,2,3,0,0,0,0,1,0,5,1,0,2,2,0,0,0,36,1,1,false
/home/yaroslav/Study/LeanSoftwareDevelopment/repository_metrics_with_ck/collected_metrics/stampede/../../stampede/main/src/test/java/com/torodb/stampede/config/ConfigTest.java,com.torodb.stampede.config.ConfigTest,testReplicationFilteringWithShards/0,false,457,4,3,0,3,2,12,19,0,2,0,12,0,0,0,1,0,0,15,7,2,0,0,1,0,0,31,1,0,false
/home/yaroslav/Study/LeanSoftwareDevelopment/repository_metrics_with_ck/collected_metrics/stampede/../../stampede/main/src/test/java/com/torodb/stampede/config/ConfigTest.java,com.torodb.stampede.config.ConfigTest,testParse/0,false,94,3,2,0,2,1,1,4,0,1,0,1,0,0,0,0,0,0,0,0,1,0,0,0,0,0,6,1,0,false
/home/yaroslav/Study/LeanSoftwareDevelopment/repository_metrics_with_ck/collected_metrics/stampede/../../stampede/main/src/test/java/com/torodb/stampede/config/ConfigTest.java,com.torodb.stampede.config.ConfigTest,testParseWithParam/0,false,100,5,4,0,4,1,7,14,0,4,0,7,0,0,0,0,0,0,3,0,4,0,0,1,0,0,21,1,0,false
/home/yaroslav/Study/LeanSoftwareDevelopment/repository_metrics_with_ck/collected_metrics/stampede/../../stampede/main/src/test/java/com/torodb/stampede/config/ConfigTest.java,com.torodb.stampede.config.ConfigTest,testParseWithYAMLUsingDoubleBackend/0,false,313,3,2,0,2,1,1,12,0,1,0,1,0,0,0,0,0,0,0,0,1,0,0,1,0,0,26,1,0,false
/home/yaroslav/Study/LeanSoftwareDevelopment/repository_metrics_with_ck/collected_metrics/stampede/../../stampede/main/src/test/java/com/torodb/stampede/config/ConfigTest.java,com.torodb.stampede.config.ConfigTest,testPrintXmlConf/0,false,56,3,3,0,3,1,4,6,0,2,0,4,0,0,0,0,0,0,0,0,2,0,0,0,0,0,11,1,0,false
/home/yaroslav/Study/LeanSoftwareDevelopment/repository_metrics_with_ck/collected_metrics/stampede/../../stampede/main/src/test/java/com/torodb/stampede/config/ConfigTest.java,com.torodb.stampede.config.ConfigTest,testParseWithLogPackagesParam/0,false,138,6,4,0,4,3,7,16,0,4,0,7,0,0,0,2,0,0,7,1,4,2,0,1,0,0,27,1,0,false
/home/yaroslav/Study/LeanSoftwareDevelopment/repository_metrics_with_ck/collected_metrics/stampede/../../stampede/main/src/test/java/com/torodb/stampede/config/ConfigTest.java,com.torodb.stampede.config.ConfigTest,testReplicationFiltering/0,false,386,4,3,0,3,6,8,17,0,2,0,8,0,0,0,5,0,0,15,0,2,0,0,1,0,0,24,1,0,false
/home/yaroslav/Study/LeanSoftwareDevelopment/repository_metrics_with_ck/collected_metrics/stampede/../../stampede/main/src/test/java/com/torodb/stampede/config/ConfigTest.java,com.torodb.stampede.config.ConfigTest,testPrintConfMultipleSyncSources/0,false,65,5,5,0,5,1,7,7,0,2,0,7,0,0,0,0,0,0,2,0,2,0,0,0,0,0,18,1,0,false
/home/yaroslav/Study/LeanSoftwareDevelopment/repository_metrics_with_ck/collected_metrics/stampede/../../stampede/main/src/test/java/com/torodb/stampede/config/ConfigTest.java,com.torodb.stampede.config.ConfigTest,testPrintXmlConfMultipleSyncSources/0,false,76,5,5,0,5,1,7,7,0,2,0,7,0,0,0,0,0,0,2,0,2,0,0,0,0,0,19,1,0,false
/home/yaroslav/Study/LeanSoftwareDevelopment/repository_metrics_with_ck/collected_metrics/stampede/../../stampede/main/src/test/java/com/torodb/stampede/config/ConfigTest.java,com.torodb.stampede.config.ConfigTest,testPrintConf/0,false,47,3,3,0,3,1,4,6,0,2,0,4,0,0,0,0,0,0,0,0,2,0,0,0,0,0,10,1,0,false
/home/yaroslav/Study/LeanSoftwareDevelopment/repository_metrics_with_ck/collected_metrics/stampede/../../stampede/main/src/test/java/com/torodb/stampede/config/ConfigTest.java,com.torodb.stampede.config.ConfigTest,testHelpParam/0,false,87,3,1,0,1,1,2,4,0,1,0,2,0,0,0,0,0,0,1,1,1,0,0,0,0,0,10,1,0,false
/home/yaroslav/Study/LeanSoftwareDevelopment/repository_metrics_with_ck/collected_metrics/stampede/../../stampede/main/src/test/java/com/torodb/stampede/config/ConfigTest.java,com.torodb.stampede.config.ConfigTest,testParseWithEmptyYAML/0,false,192,3,2,0,2,1,1,12,0,1,0,1,0,0,0,0,0,0,0,0,1,0,0,1,0,0,23,1,0,false
/home/yaroslav/Study/LeanSoftwareDevelopment/repository_metrics_with_ck/collected_metrics/stampede/../../stampede/main/src/test/java/com/torodb/stampede/config/ConfigTest.java,com.torodb.stampede.config.ConfigTest,testParseWithWrongTypeParam/0,false,178,3,2,0,2,1,1,10,0,1,0,1,0,0,0,0,0,0,0,0,1,0,0,1,0,0,16,1,0,false
/home/yaroslav/Study/LeanSoftwareDevelopment/repository_metrics_with_ck/collected_metrics/stampede/../../stampede/main/src/test/java/com/torodb/stampede/config/ConfigTest.java,com.torodb.stampede.config.ConfigTest,testParseWithPasswordParam/0,false,164,3,2,0,2,1,1,10,0,1,0,1,0,0,0,0,0,0,0,0,1,0,0,1,0,0,16,1,0,false
/home/yaroslav/Study/LeanSoftwareDevelopment/repository_metrics_with_ck/collected_metrics/stampede/../../stampede/main/src/test/java/com/torodb/stampede/config/ConfigTest.java,com.torodb.stampede.config.ConfigTest,testParseWithYAMLUsingPassword/0,false,280,3,2,0,2,1,1,12,0,1,0,1,0,0,0,0,0,0,0,0,1,0,0,1,0,0,25,1,0,false
/home/yaroslav/Study/LeanSoftwareDevelopment/repository_metrics_with_ck/collected_metrics/stampede/../../stampede/main/src/test/java/com/torodb/stampede/config/ConfigTest.java,com.torodb.stampede.config.ConfigTest,testParseWithYAML/0,false,224,8,11,0,11,6,30,36,0,2,0,30,0,0,0,5,0,0,30,2,2,0,0,1,0,0,57,1,0,false
/home/yaroslav/Study/LeanSoftwareDevelopment/repository_metrics_with_ck/collected_metrics/stampede/../../stampede/main/src/test/java/com/torodb/stampede/config/ConfigTest.java,com.torodb.stampede.config.ConfigTest,testReplicationFilteringWithIndexes/0,false,417,6,6,0,6,6,16,20,0,2,0,16,0,0,0,5,0,0,23,0,2,0,0,1,0,0,35,1,0,false
/home/yaroslav/Study/LeanSoftwareDevelopment/repository_metrics_with_ck/collected_metrics/stampede/../../stampede/main/src/test/java/com/torodb/stampede/config/ConfigTest.java,com.torodb.stampede.config.ConfigTest,testReplicationFilteringWithShardsMerged/0,false,492,5,7,0,7,2,23,29,0,4,0,23,0,0,0,1,0,0,28,17,3,0,0,1,0,1,41,1,0,false
/home/yaroslav/Study/LeanSoftwareDevelopment/repository_metrics_with_ck/collected_metrics/stampede/../../stampede/main/src/test/java/com/torodb/stampede/config/ConfigTest.java,com.torodb.stampede.config.ConfigTest,testParseWithXML/0,false,330,8,11,0,11,9,29,34,0,2,0,29,0,0,0,8,0,0,28,2,2,0,0,1,0,0,50,1,0,false
/home/yaroslav/Study/LeanSoftwareDevelopment/repository_metrics_with_ck/collected_metrics/stampede/../../stampede/main/src/test/java/com/torodb/stampede/config/ConfigTest.java,com.torodb.stampede.config.ConfigTest,testParseWithNullParam/0,false,121,5,4,0,4,1,4,11,0,2,0,4,0,0,0,0,0,0,1,0,2,0,0,1,0,0,20,1,0,false
/home/yaroslav/Study/LeanSoftwareDevelopment/repository_metrics_with_ck/collected_metrics/stampede/../../stampede/main/src/test/java/com/torodb/stampede/config/ConfigTest.java,com.torodb.stampede.config.ConfigTest,testParseWithWrongYAML/0,false,208,3,2,0,2,1,1,12,0,1,0,1,0,0,0,0,0,0,0,0,1,0,0,1,0,0,23,1,0,false
/home/yaroslav/Study/LeanSoftwareDevelopment/repository_metrics_with_ck/collected_metrics/stampede/../../stampede/main/src/test/java/com/torodb/stampede/config/ConfigTest.java,com.torodb.stampede.config.ConfigTest,testParseWithYAMLUsingEmptyProtocol/0,false,296,3,2,0,2,1,1,12,0,1,0,1,0,0,0,0,0,0,0,0,1,0,0,1,0,0,27,1,0,false
/home/yaroslav/Study/LeanSoftwareDevelopment/repository_metrics_with_ck/collected_metrics/stampede/../../stampede/main/src/main/java/com/torodb/stampede/config/model/cache/OffHeapBuffer.java,com.torodb.stampede.config.model.cache.OffHeapBuffer,OffHeapBuffer/0,true,44,0,0,0,0,1,1,6,0,0,0,1,0,0,0,0,0,0,0,1,4,0,0,0,0,0,10,1,0,false
/home/yaroslav/Study/LeanSoftwareDevelopment/repository_metrics_with_ck/collected_metrics/stampede/../../stampede/main/src/main/java/com/torodb/stampede/config/model/cache/OffHeapBuffer.java,com.torodb.stampede.config.model.cache.OffHeapBuffer,setEnabled/1[java.lang.Boolean],false,56,0,0,0,0,1,0,3,0,0,1,0,0,0,0,0,0,0,0,0,1,0,0,0,0,0,4,1,0,false
/home/yaroslav/Study/LeanSoftwareDevelopment/repository_metrics_with_ck/collected_metrics/stampede/../../stampede/main/src/main/java/com/torodb/stampede/config/model/cache/OffHeapBuffer.java,com.torodb.stampede.config.model.cache.OffHeapBuffer,getMaxFiles/0,false,70,0,0,0,0,1,0,3,1,0,0,0,0,0,0,0,0,0,0,0,0,0,0,0,0,0,4,1,0,false
/home/yaroslav/Study/LeanSoftwareDevelopment/repository_metrics_with_ck/collected_metrics/stampede/../../stampede/main/src/main/java/com/torodb/stampede/config/model/cache/OffHeapBuffer.java,com.torodb.stampede.config.model.cache.OffHeapBuffer,setMaxFiles/1[int],false,74,0,0,0,0,1,0,3,0,0,1,0,0,0,0,0,0,0,0,0,1,0,0,0,0,0,4,1,0,false
/home/yaroslav/Study/LeanSoftwareDevelopment/repository_metrics_with_ck/collected_metrics/stampede/../../stampede/main/src/main/java/com/torodb/stampede/config/model/cache/OffHeapBuffer.java,com.torodb.stampede.config.model.cache.OffHeapBuffer,setRollCycle/1[com.torodb.stampede.config.model.cache.BufferRollCycle],false,83,1,0,0,0,1,0,3,0,0,1,0,0,0,0,0,0,0,0,0,1,0,0,0,0,0,5,1,0,false
/home/yaroslav/Study/LeanSoftwareDevelopment/repository_metrics_with_ck/collected_metrics/stampede/../../stampede/main/src/main/java/com/torodb/stampede/config/model/cache/OffHeapBuffer.java,com.torodb.stampede.config.model.cache.OffHeapBuffer,getEnabled/0,false,52,0,0,0,0,1,0,3,1,0,0,0,0,0,0,0,0,0,0,0,0,0,0,0,0,0,4,1,0,false
/home/yaroslav/Study/LeanSoftwareDevelopment/repository_metrics_with_ck/collected_metrics/stampede/../../stampede/main/src/main/java/com/torodb/stampede/config/model/cache/OffHeapBuffer.java,com.torodb.stampede.config.model.cache.OffHeapBuffer,getPath/0,false,61,0,0,0,0,1,0,3,1,0,0,0,0,0,0,0,0,0,0,0,0,0,0,0,0,0,3,1,0,false
/home/yaroslav/Study/LeanSoftwareDevelopment/repository_metrics_with_ck/collected_metrics/stampede/../../stampede/main/src/main/java/com/torodb/stampede/config/model/cache/OffHeapBuffer.java,com.torodb.stampede.config.model.cache.OffHeapBuffer,setPath/1[java.lang.String],false,65,0,0,0,0,1,0,3,0,0,1,0,0,0,0,0,0,0,0,0,1,0,0,0,0,0,3,1,0,false
/home/yaroslav/Study/LeanSoftwareDevelopment/repository_metrics_with_ck/collected_metrics/stampede/../../stampede/main/src/main/java/com/torodb/stampede/config/model/cache/OffHeapBuffer.java,com.torodb.stampede.config.model.cache.OffHeapBuffer,getRollCycle/0,false,79,1,0,0,0,1,0,3,1,0,0,0,0,0,0,0,0,0,0,0,0,0,0,0,0,0,5,1,0,false
/home/yaroslav/Study/LeanSoftwareDevelopment/repository_metrics_with_ck/collected_metrics/stampede/../../stampede/main/src/main/java/com/torodb/stampede/Main.java,com.torodb.stampede.Main$Anonymous3,"defaultVisit/2[T,java.lang.Void]",false,387,2,0,0,0,2,1,9,1,0,2,1,0,0,0,0,1,0,0,0,0,0,1,0,0,0,13,1,0,false
/home/yaroslav/Study/LeanSoftwareDevelopment/repository_metrics_with_ck/collected_metrics/stampede/../../stampede/main/src/test/java/com/torodb/stampede/config/ConfigTest.java,com.torodb.stampede.config.ConfigTest$Anonymous12,hasXmlConfFile/0,false,333,0,0,0,0,1,0,3,1,0,0,0,0,0,0,0,0,0,0,0,0,0,0,0,0,0,5,1,0,false
/home/yaroslav/Study/LeanSoftwareDevelopment/repository_metrics_with_ck/collected_metrics/stampede/../../stampede/main/src/test/java/com/torodb/stampede/config/ConfigTest.java,com.torodb.stampede.config.ConfigTest$Anonymous12,getXmlConfInputStream/0,false,338,1,0,0,0,1,1,3,1,0,0,1,0,0,0,0,0,0,1,0,0,0,0,0,0,0,8,1,0,false
/home/yaroslav/Study/LeanSoftwareDevelopment/repository_metrics_with_ck/collected_metrics/stampede/../../stampede/service/src/main/java/com/torodb/stampede/DefaultConsistencyHandler.java,com.torodb.stampede.DefaultConsistencyHandler,getConsistencyKey/0,false,39,1,0,0,0,1,0,3,1,0,0,0,0,0,0,0,0,0,0,0,0,0,0,0,0,0,15,1,0,false
/home/yaroslav/Study/LeanSoftwareDevelopment/repository_metrics_with_ck/collected_metrics/stampede/../../stampede/service/src/main/java/com/torodb/stampede/DefaultConsistencyHandler.java,com.torodb.stampede.DefaultConsistencyHandler,"DefaultConsistencyHandler/3[com.torodb.stampede.BackendService,com.torodb.stampede.Retrier,java.util.concurrent.ThreadFactory]",true,34,2,0,0,0,1,0,3,0,0,3,0,0,0,0,0,0,0,0,0,0,0,0,0,0,0,7,1,0,false
/home/yaroslav/Study/LeanSoftwareDevelopment/repository_metrics_with_ck/collected_metrics/stampede/../../stampede/main/src/test/java/com/torodb/stampede/config/ConfigTest.java,com.torodb.stampede.config.ConfigTest$Anonymous13,getParams/0,false,389,0,0,0,0,1,1,4,1,1,0,1,0,0,0,0,0,0,2,0,1,0,0,0,0,0,7,1,0,false
/home/yaroslav/Study/LeanSoftwareDevelopment/repository_metrics_with_ck/collected_metrics/stampede/../../stampede/main/src/main/java/com/torodb/stampede/Main.java,com.torodb.stampede.Main$Anonymous1,getUser/0,false,183,0,0,0,0,1,3,3,1,0,0,3,0,0,0,0,0,0,0,0,0,0,0,0,0,0,2,1,0,false
/home/yaroslav/Study/LeanSoftwareDevelopment/repository_metrics_with_ck/collected_metrics/stampede/../../stampede/main/src/main/java/com/torodb/stampede/Main.java,com.torodb.stampede.Main$Anonymous1,getPassword/0,false,193,0,0,0,0,1,2,3,1,0,0,2,0,0,0,0,0,0,0,0,0,0,0,0,0,0,2,1,0,false
/home/yaroslav/Study/LeanSoftwareDevelopment/repository_metrics_with_ck/collected_metrics/stampede/../../stampede/main/src/main/java/com/torodb/stampede/Main.java,com.torodb.stampede.Main$Anonymous1,getMongopassFile/0,false,198,1,1,0,1,1,1,3,1,0,0,1,0,0,0,0,0,0,0,0,0,0,0,0,0,0,3,1,0,false
/home/yaroslav/Study/LeanSoftwareDevelopment/repository_metrics_with_ck/collected_metrics/stampede/../../stampede/main/src/main/java/com/torodb/stampede/Main.java,com.torodb.stampede.Main$Anonymous1,setPassword/1[java.lang.String],false,178,0,0,0,0,1,2,3,0,0,1,2,0,0,0,0,0,0,0,0,0,0,0,0,0,0,3,1,0,false
/home/yaroslav/Study/LeanSoftwareDevelopment/repository_metrics_with_ck/collected_metrics/stampede/../../stampede/main/src/main/java/com/torodb/stampede/Main.java,com.torodb.stampede.Main$Anonymous1,getHost/0,false,203,0,0,0,0,1,1,3,1,0,0,1,0,0,0,0,0,0,0,0,0,0,0,0,0,0,2,1,0,false
/home/yaroslav/Study/LeanSoftwareDevelopment/repository_metrics_with_ck/collected_metrics/stampede/../../stampede/main/src/main/java/com/torodb/stampede/Main.java,com.torodb.stampede.Main$Anonymous1,getPort/0,false,188,0,0,0,0,1,1,3,1,0,0,1,0,0,0,0,0,0,0,0,0,0,0,0,0,0,3,1,0,false
/home/yaroslav/Study/LeanSoftwareDevelopment/repository_metrics_with_ck/collected_metrics/stampede/../../stampede/main/src/main/java/com/torodb/stampede/Main.java,com.torodb.stampede.Main$Anonymous1,getDatabase/0,false,208,0,0,0,0,1,3,3,1,0,0,3,0,0,0,0,0,0,0,0,0,0,0,0,0,0,2,1,0,false
/home/yaroslav/Study/LeanSoftwareDevelopment/repository_metrics_with_ck/collected_metrics/stampede/../../stampede/main/src/test/java/com/torodb/stampede/config/ConfigTest.java,com.torodb.stampede.config.ConfigTest$Anonymous10,hasConfFile/0,false,299,0,0,0,0,1,0,3,1,0,0,0,0,0,0,0,0,0,0,0,0,0,0,0,0,0,4,1,0,false
/home/yaroslav/Study/LeanSoftwareDevelopment/repository_metrics_with_ck/collected_metrics/stampede/../../stampede/main/src/test/java/com/torodb/stampede/config/ConfigTest.java,com.torodb.stampede.config.ConfigTest$Anonymous10,getConfInputStream/0,false,304,1,0,0,0,1,1,3,1,0,0,1,0,0,0,0,0,0,1,0,0,0,0,0,0,0,10,1,0,false
/home/yaroslav/Study/LeanSoftwareDevelopment/repository_metrics_with_ck/collected_metrics/stampede/../../stampede/main/src/test/java/com/torodb/stampede/config/ConfigTest.java,com.torodb.stampede.config.ConfigTest$Anonymous11,hasConfFile/0,false,316,0,0,0,0,1,0,3,1,0,0,0,0,0,0,0,0,0,0,0,0,0,0,0,0,0,4,1,0,false
/home/yaroslav/Study/LeanSoftwareDevelopment/repository_metrics_with_ck/collected_metrics/stampede/../../stampede/main/src/test/java/com/torodb/stampede/config/ConfigTest.java,com.torodb.stampede.config.ConfigTest$Anonymous11,getConfInputStream/0,false,321,1,0,0,0,1,1,3,1,0,0,1,0,0,0,0,0,0,1,0,0,0,0,0,0,0,9,1,0,false
/home/yaroslav/Study/LeanSoftwareDevelopment/repository_metrics_with_ck/collected_metrics/stampede/../../stampede/main/src/main/java/com/torodb/stampede/CliConfig.java,com.torodb.stampede.CliConfig$NoParameterSplitter,split/1[java.lang.String],false,484,0,0,0,0,1,1,3,1,0,1,1,0,0,0,0,0,0,0,0,0,0,0,0,0,0,2,1,0,false
/home/yaroslav/Study/LeanSoftwareDevelopment/repository_metrics_with_ck/collected_metrics/stampede/../../stampede/main/src/test/java/com/torodb/stampede/config/ConfigTest.java,com.torodb.stampede.config.ConfigTest$Anonymous16,getParams/0,false,495,0,0,0,0,1,1,4,1,1,0,1,0,0,0,0,0,0,8,0,1,1,0,0,0,0,15,1,0,false
/home/yaroslav/Study/LeanSoftwareDevelopment/repository_metrics_with_ck/collected_metrics/stampede/../../stampede/main/src/main/java/com/torodb/stampede/CliConfigUtils.java,com.torodb.stampede.CliConfigUtils,readConfig/1[com.torodb.stampede.CliConfig],false,46,3,19,18,1,2,2,8,1,0,1,2,1,1,0,0,1,0,0,0,0,0,1,0,0,0,10,9,0,false
/home/yaroslav/Study/LeanSoftwareDevelopment/repository_metrics_with_ck/collected_metrics/stampede/../../stampede/main/src/main/java/com/torodb/stampede/CliConfigUtils.java,com.torodb.stampede.CliConfigUtils,CliConfigUtils/0,true,41,0,0,0,0,1,0,2,0,0,0,0,0,0,0,0,0,0,0,0,0,0,0,0,0,0,3,2,0,false
/home/yaroslav/Study/LeanSoftwareDevelopment/repository_metrics_with_ck/collected_metrics/stampede/../../stampede/main/src/main/java/com/torodb/stampede/CliConfigUtils.java,com.torodb.stampede.CliConfigUtils,uncatchedReadConfig/1[com.torodb.stampede.CliConfig],false,54,6,10,1,9,10,21,42,1,13,1,21,0,0,1,3,0,0,3,3,21,2,3,0,0,0,36,10,0,false
/home/yaroslav/Study/LeanSoftwareDevelopment/repository_metrics_with_ck/collected_metrics/stampede/../../stampede/main/src/test/java/com/torodb/stampede/config/ConfigTest.java,com.torodb.stampede.config.ConfigTest$Anonymous14,getParams/0,false,420,0,0,0,0,1,1,4,1,1,0,1,0,0,0,0,0,0,2,0,1,0,0,0,0,0,7,1,0,false
/home/yaroslav/Study/LeanSoftwareDevelopment/repository_metrics_with_ck/collected_metrics/stampede/../../stampede/main/src/test/java/com/torodb/stampede/config/ConfigTest.java,com.torodb.stampede.config.ConfigTest$Anonymous15,getParams/0,false,460,0,0,0,0,1,1,4,1,1,0,1,0,0,0,0,0,0,5,0,1,1,0,0,0,0,8,1,0,false
/home/yaroslav/Study/LeanSoftwareDevelopment/repository_metrics_with_ck/collected_metrics/stampede/../../stampede/main/src/main/java/com/torodb/stampede/config/model/backend/Pool.java,com.torodb.stampede.config.model.backend.Pool,getConnectionPoolSize/0,false,57,0,0,0,0,1,0,3,1,0,0,0,0,0,0,0,0,0,0,0,0,0,0,0,0,0,6,1,0,false
/home/yaroslav/Study/LeanSoftwareDevelopment/repository_metrics_with_ck/collected_metrics/stampede/../../stampede/main/src/main/java/com/torodb/stampede/config/model/backend/Pool.java,com.torodb.stampede.config.model.backend.Pool,setConnectionPoolSize/1[java.lang.Integer],false,61,0,0,0,0,1,0,3,0,0,1,0,0,0,0,0,0,0,0,0,1,0,0,0,0,0,6,1,0,false
/home/yaroslav/Study/LeanSoftwareDevelopment/repository_metrics_with_ck/collected_metrics/stampede/../../stampede/main/src/main/java/com/torodb/stampede/config/model/backend/Pool.java,com.torodb.stampede.config.model.backend.Pool,setConnectionPoolTimeout/1[java.lang.Long],false,52,0,0,0,0,1,0,3,0,0,1,0,0,0,0,0,0,0,0,0,1,0,0,0,0,0,6,1,0,false
/home/yaroslav/Study/LeanSoftwareDevelopment/repository_metrics_with_ck/collected_metrics/stampede/../../stampede/main/src/main/java/com/torodb/stampede/config/model/backend/Pool.java,com.torodb.stampede.config.model.backend.Pool,getReservedReadPoolSize/0,false,66,0,0,0,0,1,0,3,1,0,0,0,0,0,0,0,0,0,0,0,0,0,0,0,0,0,7,1,0,false
/home/yaroslav/Study/LeanSoftwareDevelopment/repository_metrics_with_ck/collected_metrics/stampede/../../stampede/main/src/main/java/com/torodb/stampede/config/model/backend/Pool.java,com.torodb.stampede.config.model.backend.Pool,getConnectionPoolTimeout/0,false,48,0,0,0,0,1,0,3,1,0,0,0,0,0,0,0,0,0,0,0,0,0,0,0,0,0,6,1,0,false
/home/yaroslav/Study/LeanSoftwareDevelopment/repository_metrics_with_ck/collected_metrics/stampede/../../stampede/main/src/main/java/com/torodb/stampede/config/model/backend/Pool.java,com.torodb.stampede.config.model.backend.Pool,setReservedReadPoolSize/1[java.lang.Integer],false,70,0,0,0,0,1,0,3,0,0,1,0,0,0,0,0,0,0,0,0,1,0,0,0,0,0,7,1,0,false
/home/yaroslav/Study/LeanSoftwareDevelopment/repository_metrics_with_ck/collected_metrics/stampede/../../stampede/main/src/main/java/com/torodb/stampede/config/model/mongo/replication/Replication.java,com.torodb.stampede.config.model.mongo.replication.Replication,getReplSetName/0,false,58,4,3,3,0,1,1,3,1,0,0,1,0,0,0,0,0,0,1,0,0,0,0,0,0,0,9,1,0,false
/home/yaroslav/Study/LeanSoftwareDevelopment/repository_metrics_with_ck/collected_metrics/stampede/../../stampede/main/src/main/java/com/torodb/stampede/config/model/mongo/replication/Replication.java,com.torodb.stampede.config.model.mongo.replication.Replication,setShards/1[java.util.List<com.torodb.stampede.config.model.mongo.replication.ShardReplication>],false,93,1,0,0,0,1,1,3,0,0,1,1,0,0,0,0,0,0,0,0,0,0,0,0,0,0,3,1,0,false
/home/yaroslav/Study/LeanSoftwareDevelopment/repository_metrics_with_ck/collected_metrics/stampede/../../stampede/main/src/main/java/com/torodb/stampede/config/model/mongo/replication/Replication.java,com.torodb.stampede.config.model.mongo.replication.Replication,setReplSetName/1[com.torodb.stampede.config.model.mongo.replication.StringWithDefault],false,102,1,0,0,0,1,1,3,0,0,1,1,0,0,0,0,0,0,0,0,0,0,0,0,0,0,8,1,0,false
/home/yaroslav/Study/LeanSoftwareDevelopment/repository_metrics_with_ck/collected_metrics/stampede/../../stampede/main/src/main/java/com/torodb/stampede/config/model/mongo/replication/Replication.java,com.torodb.stampede.config.model.mongo.replication.Replication,setSyncSource/1[com.torodb.stampede.config.model.mongo.replication.ListOfStringWithDefault],false,107,1,2,2,0,1,1,3,0,0,1,1,0,0,0,0,0,0,0,0,0,0,0,0,0,0,9,1,0,false
/home/yaroslav/Study/LeanSoftwareDevelopment/repository_metrics_with_ck/collected_metrics/stampede/../../stampede/main/src/main/java/com/torodb/stampede/config/model/mongo/replication/Replication.java,com.torodb.stampede.config.model.mongo.replication.Replication,Replication/0,true,45,0,0,0,0,1,4,4,0,0,0,4,0,0,0,0,0,0,2,0,0,0,0,0,0,0,1,1,0,false
/home/yaroslav/Study/LeanSoftwareDevelopment/repository_metrics_with_ck/collected_metrics/stampede/../../stampede/main/src/main/java/com/torodb/stampede/config/model/mongo/replication/Replication.java,com.torodb.stampede.config.model.mongo.replication.Replication,getMongopassFile/0,false,76,2,2,2,0,1,0,3,1,0,0,0,0,0,0,0,0,0,1,0,0,0,0,0,0,0,6,1,0,false
/home/yaroslav/Study/LeanSoftwareDevelopment/repository_metrics_with_ck/collected_metrics/stampede/../../stampede/main/src/main/java/com/torodb/stampede/config/model/mongo/replication/Replication.java,com.torodb.stampede.config.model.mongo.replication.Replication,getName/0,false,51,2,0,0,0,1,1,3,1,0,0,1,0,0,0,0,0,0,0,0,0,0,0,0,0,0,5,1,0,false
/home/yaroslav/Study/LeanSoftwareDevelopment/repository_metrics_with_ck/collected_metrics/stampede/../../stampede/main/src/main/java/com/torodb/stampede/config/model/mongo/replication/Replication.java,com.torodb.stampede.config.model.mongo.replication.Replication,getRole/0,false,63,3,3,3,0,1,1,3,1,0,0,1,0,0,0,0,0,0,0,0,0,0,0,0,0,0,2,1,0,false
/home/yaroslav/Study/LeanSoftwareDevelopment/repository_metrics_with_ck/collected_metrics/stampede/../../stampede/main/src/main/java/com/torodb/stampede/config/model/mongo/replication/Replication.java,com.torodb.stampede.config.model.mongo.replication.Replication,mergeWith/1[com.torodb.stampede.config.model.mongo.replication.AbstractShardReplication],false,111,2,3,2,1,1,1,5,1,1,1,1,0,0,0,0,0,0,0,0,1,0,0,0,0,0,7,1,0,false
/home/yaroslav/Study/LeanSoftwareDevelopment/repository_metrics_with_ck/collected_metrics/stampede/../../stampede/main/src/main/java/com/torodb/stampede/config/model/mongo/replication/Replication.java,com.torodb.stampede.config.model.mongo.replication.Replication,getSyncSource/0,false,70,4,3,3,0,1,1,3,1,0,0,1,0,0,0,0,0,0,1,0,0,0,0,0,0,0,10,1,0,false
/home/yaroslav/Study/LeanSoftwareDevelopment/repository_metrics_with_ck/collected_metrics/stampede/../../stampede/main/src/main/java/com/torodb/stampede/config/model/mongo/replication/Replication.java,com.torodb.stampede.config.model.mongo.replication.Replication,getShards/0,false,89,4,1,1,0,1,1,3,1,0,0,1,0,0,0,0,0,0,1,0,0,0,0,0,0,0,18,1,0,true
/home/yaroslav/Study/LeanSoftwareDevelopment/repository_metrics_with_ck/collected_metrics/stampede/../../stampede/main/src/main/java/com/torodb/stampede/config/model/mongo/replication/Replication.java,com.torodb.stampede.config.model.mongo.replication.Replication,setMongopassFile/1[java.lang.String],false,97,0,0,0,0,1,0,3,0,0,1,0,0,0,0,0,0,0,0,0,1,0,0,0,0,0,4,1,0,false
/home/yaroslav/Study/LeanSoftwareDevelopment/repository_metrics_with_ck/collected_metrics/stampede/../../stampede/main/src/main/java/com/torodb/stampede/config/jackson/BackendDeserializer.java,com.torodb.stampede.config.jackson.BackendDeserializer,BackendDeserializer/0,true,30,3,0,0,0,1,2,3,0,2,0,2,0,0,0,0,0,0,1,0,0,0,0,0,0,2,5,1,0,false
